MODEL_NAME,NUM_EPOCHS,N,NUM_TRAJ,TRAJ_LENGTH,ACTIVATION,HIDDEN_SIZE,BETA,TRAIN_LOSS,TRAIN_AVERAGE_EUCLIDEAN_DISTANCE,VAL_LOSS,VAL_AVERAGE_EUCLIDEAN_DISTANCE,TEST_LOSS,TEST_AVERAGE_EUCLIDEAN_DISTANCE,Lyapunov1,Lyapunov2,Lyapunov3,MIN_SV3,MIN_GRAD_SV3
2026-09-04_15-16-12_beta0.5_randomseed0,20,3,200,5,"Softplus(beta=0.5, threshold=20.0)",16,0.5,4.92e-05,0.009869,5.29e-05,0.010491,5.29e-05,0.010491,0.8174332324380691,-0.01183251224643506,-14.968188446029924,0.7870676830121184,-0.3751573414846049
2026-09-04_15-20-29_beta0.5_randomseed1,20,3,200,5,"Softplus(beta=0.5, threshold=20.0)",16,0.5,1.42e-05,0.0054804,2.29e-05,0.0059103,1.04e-05,0.00477,0.8889980449713011,-0.006993301340365336,-14.83354598075689,0.7910382849525354,-0.3103604927126031
2026-09-04_15-24-53_beta0.5_randomseed2,20,3,200,5,"Softplus(beta=0.5, threshold=20.0)",16,0.5,4.15e-05,0.0089163,3.54e-05,0.007834,9.71e-05,0.0118255,0.8775872520638716,-0.009075999869010884,-14.828927892088416,0.7894633474329511,-0.3169616656611085
2026-09-04_15-29-08_beta0.5_randomseed3,20,3,200,5,"Softplus(beta=0.5, threshold=20.0)",16,0.5,2.24e-05,0.0067921,3.1e-05,0.0080136,2.99e-05,0.007259,0.8900135514108338,-0.014222390920131885,-14.866365809330834,0.7858472235061746,-0.2902478038012702
2026-09-04_15-33-36_beta0.5_randomseed4,20,3,200,5,"Softplus(beta=0.5, threshold=20.0)",16,0.5,1.9e-05,0.0059109,1.93e-05,0.006557,1.67e-05,0.0056266,0.904064297031379,-0.01042688171969052,-14.606510152300194,0.7971832115711893,-0.2900524726395276
2026-09-04_15-38-02_beta0.5_randomseed5,20,3,200,5,"Softplus(beta=0.5, threshold=20.0)",16,0.5,4.06e-05,0.0090915,0.0001898,0.0160527,2.25e-05,0.007091,0.9002695874549902,-0.014686549525448237,-15.105664404054489,0.789376876955461,-0.33751067267942086
2026-09-04_15-42-23_beta0.5_randomseed6,20,3,200,5,"Softplus(beta=0.5, threshold=20.0)",16,0.5,1.5e-05,0.0053464,1.01e-05,0.0046144,1.23e-05,0.005292,0.8782371070845668,-0.0061742853744549495,-14.8124052324799,0.787571337148221,-0.2851772237129807
2026-09-04_15-46-46_beta0.5_randomseed7,20,3,200,5,"Softplus(beta=0.5, threshold=20.0)",16,0.5,2.44e-05,0.00677,4.13e-05,0.0070575,1.94e-05,0.0065522,0.8498420243776872,-0.011827026220981873,-14.234902511005416,0.7966838449958424,-0.30583317506643726
2026-09-04_15-51-11_beta0.5_randomseed8,20,3,200,5,"Softplus(beta=0.5, threshold=20.0)",16,0.5,1.41e-05,0.0052343,1.63e-05,0.0059309,2.32e-05,0.0062024,0.8852083604942518,-0.006133815228092497,-14.292323140606157,0.7982542596771359,-0.2675377650312877
2026-09-04_15-55-39_beta0.5_randomseed9,20,3,200,5,"Softplus(beta=0.5, threshold=20.0)",16,0.5,1.83e-05,0.0060982,5.29e-05,0.0088835,1.76e-05,0.0062844,0.8952493197549757,-0.01155651493581172,-14.645604084197382,0.7906441990838957,-0.29342769529225377
2026-09-04_15-59-37_beta0.5_randomseed10,20,3,200,5,"Softplus(beta=0.5, threshold=20.0)",16,0.5,3.67e-05,0.0081685,3.33e-05,0.0083839,2.53e-05,0.0077341,0.9009263980320708,-0.010798850132062473,-14.757483124737385,0.7901019874081859,-0.29405840587626964
2026-09-04_16-03-23_beta0.5_randomseed11,20,3,200,5,"Softplus(beta=0.5, threshold=20.0)",16,0.5,1.84e-05,0.0060386,2.16e-05,0.0067751,1.78e-05,0.0061231,0.8861337080057112,-0.007736060407136374,-14.850342205148934,0.7840221516293531,-0.3108558104048059
2026-09-04_16-07-08_beta0.5_randomseed12,20,3,200,5,"Softplus(beta=0.5, threshold=20.0)",16,0.5,1.64e-05,0.0056446,2.01e-05,0.006452,2.64e-05,0.007171,0.8875891598115608,-0.011209686194469656,-15.04323284525528,0.783478364039116,-0.3018104797258042
2026-09-04_16-10-51_beta0.5_randomseed13,20,3,200,5,"Softplus(beta=0.5, threshold=20.0)",16,0.5,5.72e-05,0.0111293,0.0001284,0.0151487,9.4e-05,0.0143872,0.8140190340604099,-0.011183229464958611,-14.519164879587354,0.790104689200349,-0.3222878779020999
2026-09-04_16-14-32_beta0.5_randomseed14,20,3,200,5,"Softplus(beta=0.5, threshold=20.0)",16,0.5,1.79e-05,0.0061876,1.14e-05,0.0053961,2.14e-05,0.0067119,0.8880655403544061,-0.016924520765378565,-15.038045200247529,0.7897226934228158,-0.2953701480564602
2026-09-04_16-18-15_beta0.5_randomseed15,20,3,200,5,"Softplus(beta=0.5, threshold=20.0)",16,0.5,7.45e-05,0.0123573,8.93e-05,0.0132894,0.0001324,0.0144014,0.8713062344238933,-0.015924364565943195,-14.28786232026313,0.8028178066649382,-0.3263860111662925
2026-09-04_16-21-57_beta0.5_randomseed16,20,3,200,5,"Softplus(beta=0.5, threshold=20.0)",16,0.5,2.1e-05,0.0064528,2.85e-05,0.0073293,4.28e-05,0.0072493,0.9003716786216082,-0.011708517990983824,-14.779777050058797,0.7895507733378972,-0.29868506007961704
2026-09-04_16-25-40_beta0.5_randomseed17,20,3,200,5,"Softplus(beta=0.5, threshold=20.0)",16,0.5,1.98e-05,0.0064004,1.65e-05,0.0064135,2.34e-05,0.006323,0.8716816268061244,-0.010424998937598748,-15.060180644421811,0.7820714323140411,-0.29157895714553633
2026-09-04_16-29-22_beta0.5_randomseed18,20,3,200,5,"Softplus(beta=0.5, threshold=20.0)",16,0.5,3e-05,0.0076979,3.55e-05,0.0079955,3.52e-05,0.0089845,0.8560462640383115,-0.015289149441563624,-15.018528882075918,0.7821023322435476,-0.31386181722351747
2026-09-04_16-33-05_beta0.5_randomseed19,20,3,200,5,"Softplus(beta=0.5, threshold=20.0)",16,0.5,2.39e-05,0.0065504,5.49e-05,0.0078559,3.26e-05,0.0071474,0.886782188034236,-0.018045766191781377,-14.579905504570593,0.7940729456921946,-0.2963897212733113
2026-09-04_16-36-48_beta0.5_randomseed20,20,3,200,5,"Softplus(beta=0.5, threshold=20.0)",16,0.5,1.55e-05,0.0057179,1.89e-05,0.0061311,1.28e-05,0.0056553,0.9047678527003337,-0.011081333874124015,-14.870207310638014,0.7918363840083844,-0.2932259193696435
2026-09-04_16-40-30_beta0.5_randomseed21,20,3,200,5,"Softplus(beta=0.5, threshold=20.0)",16,0.5,3.59e-05,0.0085989,4.51e-05,0.0099369,0.0001071,0.0120271,0.8937583779138629,-0.010168866538186036,-14.823723799445421,0.7904579661577229,-0.29042211399900036
2026-09-04_16-44-13_beta0.5_randomseed22,20,3,200,5,"Softplus(beta=0.5, threshold=20.0)",16,0.5,4.12e-05,0.0090846,4.52e-05,0.0099247,5.24e-05,0.0100913,0.8938530033309865,-0.008800136931996518,-14.697368997007226,0.7921657753825968,-0.3108707147232459
2026-09-04_16-47-55_beta0.5_randomseed23,20,3,200,5,"Softplus(beta=0.5, threshold=20.0)",16,0.5,7.91e-05,0.0127527,5.95e-05,0.011687,0.0001261,0.0156082,0.9056913974911535,-0.013747737047457114,-14.863509253537737,0.7903490108963295,-0.30065155418877665
2026-09-04_16-51-37_beta0.5_randomseed24,20,3,200,5,"Softplus(beta=0.5, threshold=20.0)",16,0.5,1.67e-05,0.0057673,4.04e-05,0.0072449,1.65e-05,0.0059334,0.9037624868027242,-0.013820095774462693,-14.643212459962385,0.7899882585439661,-0.2917715451495323
2026-09-04_16-55-22_beta0.5_randomseed25,20,3,200,5,"Softplus(beta=0.5, threshold=20.0)",16,0.5,3.6e-05,0.0081618,3.3e-05,0.007705,3.32e-05,0.0084447,0.9015791779835938,-0.006737924088671433,-14.470329882386043,0.793626280279357,-0.27651423667266306
2026-09-04_16-59-03_beta0.5_randomseed26,20,3,200,5,"Softplus(beta=0.5, threshold=20.0)",16,0.5,3.83e-05,0.009,4.27e-05,0.009694,4.92e-05,0.0103703,0.8827742573305144,-0.0056321174476205785,-14.454915278193502,0.8001095069374431,-0.28526689019724216
2026-09-04_17-02-46_beta0.5_randomseed27,20,3,200,5,"Softplus(beta=0.5, threshold=20.0)",16,0.5,1.4e-05,0.0052441,2.49e-05,0.0050965,2.52e-05,0.0061229,0.9073637870053048,-0.01309901944211174,-14.561411660603378,0.7939996671693947,-0.2801543664861306
2026-09-04_17-06-31_beta0.5_randomseed28,20,3,200,5,"Softplus(beta=0.5, threshold=20.0)",16,0.5,2.82e-05,0.0073341,6.8e-05,0.0092575,5.85e-05,0.0102455,0.8847729149117489,-0.007552424042987685,-14.50350278891074,0.7982625390257698,-0.2794883609252475
2026-09-04_17-10-14_beta0.5_randomseed29,20,3,200,5,"Softplus(beta=0.5, threshold=20.0)",16,0.5,1.06e-05,0.0043934,5.6e-06,0.0035025,2e-05,0.0056509,0.9005268496021648,-0.0158854792477501,-14.305679878036495,0.7989529558663964,-0.2744968924878616
2026-09-04_17-13-57_beta0.5_randomseed30,20,3,200,5,"Softplus(beta=0.5, threshold=20.0)",16,0.5,1.39e-05,0.0048949,1e-05,0.0039707,1.52e-05,0.0055742,0.9007202093602696,-0.010441439692630505,-14.690155515652396,0.7948264880497484,-0.2873801402412129
2026-09-04_17-17-41_beta0.5_randomseed31,20,3,200,5,"Softplus(beta=0.5, threshold=20.0)",16,0.5,2.42e-05,0.0071112,5.71e-05,0.0088854,3.02e-05,0.0076438,0.896293555167548,-0.015109437085343385,-14.97202978651849,0.7885314139572981,-0.3164306982613352
2026-09-04_17-21-28_beta0.5_randomseed32,20,3,200,5,"Softplus(beta=0.5, threshold=20.0)",16,0.5,3.26e-05,0.0081758,2.59e-05,0.0073966,6.68e-05,0.010434,0.8890416594014192,-0.010622155612939098,-15.139539659153366,0.7837139618166493,-0.31879460662968706
2026-09-04_17-25-12_beta0.5_randomseed33,20,3,200,5,"Softplus(beta=0.5, threshold=20.0)",16,0.5,2.51e-05,0.0068782,7.41e-05,0.0079542,4.8e-05,0.0080743,0.907134066433323,-0.013177065506346388,-14.752973320364784,0.7910988609027565,-0.31917379990018035
2026-09-04_17-28-55_beta0.5_randomseed34,20,3,200,5,"Softplus(beta=0.5, threshold=20.0)",16,0.5,2.57e-05,0.0069046,4.14e-05,0.0075075,6.54e-05,0.0089915,0.879503200310092,-0.009329710717681922,-14.991798633465123,0.7820445483004511,-0.2948051781840788
2026-09-04_17-32-38_beta0.5_randomseed35,20,3,200,5,"Softplus(beta=0.5, threshold=20.0)",16,0.5,1.31e-05,0.0051026,9.4e-06,0.0048554,7.7e-06,0.0042445,0.9078026811646829,-0.00874987617341224,-14.323607842464583,0.8000465950522753,-0.2684857396485956
2026-09-04_17-36-22_beta0.5_randomseed36,20,3,200,5,"Softplus(beta=0.5, threshold=20.0)",16,0.5,1.24e-05,0.0049488,7.9e-06,0.0041727,7.8e-06,0.0042021,0.8825047496828555,-0.0067679709959565125,-14.726867504325318,0.7930188472534293,-0.3288785483115147
2026-09-04_17-40-07_beta0.5_randomseed37,20,3,200,5,"Softplus(beta=0.5, threshold=20.0)",16,0.5,1.71e-05,0.0059775,1.5e-05,0.006069,2.09e-05,0.00652,0.9086086902054303,-0.015583940867752995,-14.738579720758406,0.7965777841151607,-0.30327932351767445
2026-09-04_17-43-50_beta0.5_randomseed38,20,3,200,5,"Softplus(beta=0.5, threshold=20.0)",16,0.5,2.43e-05,0.0068454,3.72e-05,0.0075476,3.96e-05,0.0079821,0.8986439130751582,-0.0072986054246031,-14.760874508744015,0.7930549831889117,-0.2752611353922485
2026-09-04_17-47-34_beta0.5_randomseed39,20,3,200,5,"Softplus(beta=0.5, threshold=20.0)",16,0.5,1.84e-05,0.0061936,2e-05,0.0064963,8.2e-06,0.0044147,0.8897699933447974,-0.01142601431266187,-14.708495723369229,0.7921149533998134,-0.3341150423935802
2026-09-04_17-51-17_beta0.5_randomseed40,20,3,200,5,"Softplus(beta=0.5, threshold=20.0)",16,0.5,9.8e-05,0.0137567,8.28e-05,0.0134537,7.91e-05,0.0134139,0.890307716868074,-0.0076371598207076756,-14.78061399027485,0.79291039943112,-0.3194758068368631
2026-09-04_17-54-59_beta0.5_randomseed41,20,3,200,5,"Softplus(beta=0.5, threshold=20.0)",16,0.5,2.14e-05,0.0063847,1.87e-05,0.0065534,1.65e-05,0.005565,0.9004930500976602,-0.017893742206912304,-14.430612286676816,0.7988213271745062,-0.30989105429008507
2026-09-04_17-58-42_beta0.5_randomseed42,20,3,200,5,"Softplus(beta=0.5, threshold=20.0)",16,0.5,2.27e-05,0.0064864,2.47e-05,0.0070401,4.4e-05,0.0079291,0.9012248167981289,-0.013297614757681427,-15.035970571277653,0.7866420578041058,-0.3185918344282451
2026-09-04_18-02-26_beta0.5_randomseed43,20,3,200,5,"Softplus(beta=0.5, threshold=20.0)",16,0.5,1.46e-05,0.0053139,4.96e-05,0.0075722,1.96e-05,0.0069561,0.8672329754059511,-0.003335478218014097,-14.447963684137685,0.7978022443658701,-0.301217559955908
2026-09-04_18-06-14_beta0.5_randomseed44,20,3,200,5,"Softplus(beta=0.5, threshold=20.0)",16,0.5,1.47e-05,0.0050946,1.11e-05,0.0052737,9.4e-06,0.0047703,0.9005836866293272,-0.017596336383132478,-14.877779344389836,0.7892226638703196,-0.3226432269191221
2026-09-04_18-09-58_beta0.5_randomseed45,20,3,200,5,"Softplus(beta=0.5, threshold=20.0)",16,0.5,1.95e-05,0.006334,7.1e-05,0.0100699,1.22e-05,0.0053959,0.9046695913554578,-0.0104217273865988,-15.112003401120925,0.7863829016008148,-0.2982973146711826
2026-09-04_18-13-42_beta0.5_randomseed46,20,3,200,5,"Softplus(beta=0.5, threshold=20.0)",16,0.5,2.87e-05,0.0074685,1.96e-05,0.0068908,2.91e-05,0.0073938,0.88081020054779,-0.009521582187400015,-14.287897878212405,0.801950129933787,-0.26859108788452046
2026-09-04_18-17-24_beta0.5_randomseed47,20,3,200,5,"Softplus(beta=0.5, threshold=20.0)",16,0.5,1.11e-05,0.0049039,2.33e-05,0.0064298,1.35e-05,0.0054365,0.8928921291919452,-0.011722839283805749,-14.583724801930373,0.7912373270896841,-0.28907981289224116
2026-09-04_18-21-09_beta0.5_randomseed48,20,3,200,5,"Softplus(beta=0.5, threshold=20.0)",16,0.5,1.92e-05,0.0059115,1.35e-05,0.0055681,1.16e-05,0.0052975,0.9069547496463078,-0.012329817821767943,-15.033376455499546,0.7926507594848033,-0.2914958377283333
2026-09-04_18-24-52_beta0.5_randomseed49,20,3,200,5,"Softplus(beta=0.5, threshold=20.0)",16,0.5,1.44e-05,0.0054973,2.02e-05,0.0062381,1.5e-05,0.0053348,0.8744238220511997,-0.0063899644238161165,-13.85381455784903,0.8033867160892267,-0.29418708840892593
2026-09-04_18-28-36_beta0.7_randomseed0,20,3,200,5,"Softplus(beta=0.7, threshold=20.0)",16,0.7,2.27e-05,0.0063426,4.44e-05,0.0077848,4.44e-05,0.0077848,0.9093699251254795,-0.015628892294374707,-15.172117334604152,0.7886575681946729,-0.3070822978997551
2026-09-04_18-32-19_beta0.7_randomseed1,20,3,200,5,"Softplus(beta=0.7, threshold=20.0)",16,0.7,4.7e-06,0.0031672,4.5e-06,0.0030282,5.7e-06,0.0035755,0.8863464695308183,-0.008288566845895882,-14.044414469676871,0.8090547618214015,-0.27704887336473255
2026-09-04_18-36-11_beta0.7_randomseed2,20,3,200,5,"Softplus(beta=0.7, threshold=20.0)",16,0.7,1.82e-05,0.0058133,1.39e-05,0.0050703,4.8e-05,0.0081315,0.9025687486868204,-0.01441665002032183,-14.974770139715261,0.7849909736781543,-0.2994995833682085
2026-09-04_18-39-54_beta0.7_randomseed3,20,3,200,5,"Softplus(beta=0.7, threshold=20.0)",16,0.7,1.7e-05,0.0057639,2.87e-05,0.0067893,2.04e-05,0.0063928,0.9024322843587373,-0.013990693004236698,-14.813816146503758,0.7946380077349077,-0.25542671182945503
2026-09-04_18-43-37_beta0.7_randomseed4,20,3,200,5,"Softplus(beta=0.7, threshold=20.0)",16,0.7,1.07e-05,0.0045224,1.01e-05,0.0048438,1.76e-05,0.0049157,0.9048226246291786,-0.013753642899621504,-14.644443639314224,0.7912232416737143,-0.30359917838642775
2026-09-04_18-47-23_beta0.7_randomseed5,20,3,200,5,"Softplus(beta=0.7, threshold=20.0)",16,0.7,9.9e-06,0.0044872,5.45e-05,0.0081272,6.4e-06,0.0038338,0.9030666424926166,-0.013979161192790718,-14.434799490145233,0.799962285733676,-0.2718475110487778
2026-09-04_18-51-08_beta0.7_randomseed6,20,3,200,5,"Softplus(beta=0.7, threshold=20.0)",16,0.7,5.9e-06,0.0034633,4.9e-06,0.0032711,4.4e-06,0.003262,0.898217954513316,-0.01350038141775634,-14.46348498300065,0.7983142731044567,-0.2809460227693644
2026-09-04_18-54-56_beta0.7_randomseed7,20,3,200,5,"Softplus(beta=0.7, threshold=20.0)",16,0.7,2.65e-05,0.0072934,6.64e-05,0.008762,2.32e-05,0.0071983,0.8764492944877817,-0.009086986676444055,-14.105537528033732,0.8010702601086954,-0.3235044289901928
2026-09-04_18-58-38_beta0.7_randomseed8,20,3,200,5,"Softplus(beta=0.7, threshold=20.0)",16,0.7,9.2e-06,0.0043468,1.27e-05,0.0050292,2.96e-05,0.0062634,0.899632629755463,-0.010084845288296423,-14.491471638235556,0.7958291386038303,-0.3098438864544695
2026-09-04_19-02-24_beta0.7_randomseed9,20,3,200,5,"Softplus(beta=0.7, threshold=20.0)",16,0.7,4.9e-06,0.003075,8.3e-06,0.003975,3e-06,0.0027194,0.9043883414016142,-0.015233609054625567,-14.487390887086486,0.7977910529731644,-0.30441773880779344
2026-09-04_19-06-14_beta0.7_randomseed10,20,3,200,5,"Softplus(beta=0.7, threshold=20.0)",16,0.7,8.6e-06,0.0042265,9.6e-06,0.0046293,7.6e-06,0.0040298,0.8943245919574038,-0.011178499413290464,-14.363368227114032,0.797781163534826,-0.2709008009868275
2026-09-04_19-10-01_beta0.7_randomseed11,20,3,200,5,"Softplus(beta=0.7, threshold=20.0)",16,0.7,1.01e-05,0.0044224,7.2e-06,0.0042172,6.9e-06,0.0041433,0.8959569372739095,-0.008372898667671385,-14.85518387743937,0.792543363924797,-0.29634690973977085
2026-09-04_19-13-47_beta0.7_randomseed12,20,3,200,5,"Softplus(beta=0.7, threshold=20.0)",16,0.7,7.8e-06,0.0037555,1.07e-05,0.0044771,1.19e-05,0.0048611,0.8971573618012751,-0.007883415117776526,-14.762580073892252,0.7927780726207071,-0.2861506654780954
2026-09-04_19-17-33_beta0.7_randomseed13,20,3,200,5,"Softplus(beta=0.7, threshold=20.0)",16,0.7,6.9e-06,0.0038781,2.77e-05,0.0063498,1.22e-05,0.0049967,0.9025055276363881,-0.011104900103542337,-14.509945922433436,0.799110642967281,-0.31643649584986216
2026-09-04_19-21-17_beta0.7_randomseed14,20,3,200,5,"Softplus(beta=0.7, threshold=20.0)",16,0.7,9.8e-06,0.004408,9.4e-06,0.0043059,1.42e-05,0.0053939,0.9002507549546299,-0.009324256826260688,-14.674690202134542,0.7985335962995382,-0.29240087142152704
2026-09-04_19-25-01_beta0.7_randomseed15,20,3,200,5,"Softplus(beta=0.7, threshold=20.0)",16,0.7,1.54e-05,0.0057266,1.31e-05,0.0055108,2.22e-05,0.0060056,0.9077860587338579,-0.015089792273396158,-14.433794072299255,0.8036022165800963,-0.30727016168463017
2026-09-04_19-28-44_beta0.7_randomseed16,20,3,200,5,"Softplus(beta=0.7, threshold=20.0)",16,0.7,1.66e-05,0.0057824,2.31e-05,0.0066375,2.28e-05,0.0061617,0.903365162590268,-0.005727264958792292,-14.397292753739464,0.7980612745915098,-0.2908797106719868
2026-09-04_19-32-27_beta0.7_randomseed17,20,3,200,5,"Softplus(beta=0.7, threshold=20.0)",16,0.7,1.48e-05,0.0054673,1.32e-05,0.0055218,1.89e-05,0.0056035,0.8853538994796157,-0.011375779744372911,-15.008884356613919,0.7840437312958347,-0.27675457984734925
2026-09-04_19-36-13_beta0.7_randomseed18,20,3,200,5,"Softplus(beta=0.7, threshold=20.0)",16,0.7,5.9e-06,0.0034303,5.8e-06,0.0036654,6.5e-06,0.0038381,0.8982874728855814,-0.013017836130363707,-14.70288721542579,0.7956296082666361,-0.2856242889185478
2026-09-04_19-40-01_beta0.7_randomseed19,20,3,200,5,"Softplus(beta=0.7, threshold=20.0)",16,0.7,1.12e-05,0.0047342,2.23e-05,0.0055818,1.27e-05,0.0050877,0.8887403153647119,-0.014046111677202256,-14.103856146061315,0.8059963616768838,-0.29588077781747435
2026-09-04_19-43-45_beta0.7_randomseed20,20,3,200,5,"Softplus(beta=0.7, threshold=20.0)",16,0.7,1e-05,0.004611,2.82e-05,0.0060844,7.8e-06,0.0042776,0.9005903777306976,-0.009051056373255848,-14.499378079034077,0.8031556891381388,-0.2985466683343646
2026-09-04_19-47-29_beta0.7_randomseed21,20,3,200,5,"Softplus(beta=0.7, threshold=20.0)",16,0.7,1.16e-05,0.0050083,2.21e-05,0.0065665,2.97e-05,0.006861,0.8951660654618537,-0.003994204324411306,-14.764938193191265,0.7923270716999042,-0.27854587209452103
2026-09-04_19-51-14_beta0.7_randomseed22,20,3,200,5,"Softplus(beta=0.7, threshold=20.0)",16,0.7,2.28e-05,0.0065158,2.92e-05,0.0077323,3.87e-05,0.0078786,0.8998161678334,-0.006206575684185242,-14.314566971245815,0.8030597312706265,-0.2943184640916547
2026-09-04_19-54-56_beta0.7_randomseed23,20,3,200,5,"Softplus(beta=0.7, threshold=20.0)",16,0.7,1.1e-05,0.0046276,1.19e-05,0.0048008,2.72e-05,0.006059,0.9030382309130836,-0.010184666463013633,-14.582379694996728,0.7967810476345745,-0.2919238414872893
2026-09-04_19-58-42_beta0.7_randomseed24,20,3,200,5,"Softplus(beta=0.7, threshold=20.0)",16,0.7,7.3e-06,0.0038914,2.64e-05,0.0052004,6.3e-06,0.0038451,0.8993803849136522,-0.008895497795642289,-14.650210281825974,0.7972374762787837,-0.31834108704410335
2026-09-04_20-02-30_beta0.7_randomseed25,20,3,200,5,"Softplus(beta=0.7, threshold=20.0)",16,0.7,1.08e-05,0.0045674,7.6e-06,0.0039589,9.1e-06,0.0046332,0.9052446765272641,-0.012629945609950488,-14.172513420823629,0.8014257448104324,-0.29583487591672614
2026-09-04_20-06-14_beta0.7_randomseed26,20,3,200,5,"Softplus(beta=0.7, threshold=20.0)",16,0.7,2.53e-05,0.0068686,2.64e-05,0.0069581,5.53e-05,0.0091564,0.8853094904559942,-0.00978728995135211,-14.598625278417142,0.7993246605979912,-0.2850121733864691
2026-09-04_20-09-58_beta0.7_randomseed27,20,3,200,5,"Softplus(beta=0.7, threshold=20.0)",16,0.7,2.1e-05,0.0064758,3.39e-05,0.006013,2.83e-05,0.0066444,0.9036669114543479,-0.0141570936128388,-14.714570726632662,0.7948844125608224,-0.26896210953509136
2026-09-04_20-13-41_beta0.7_randomseed28,20,3,200,5,"Softplus(beta=0.7, threshold=20.0)",16,0.7,1.36e-05,0.0049025,4.72e-05,0.007471,3.32e-05,0.0080675,0.897776336839895,-0.010992784427308389,-14.355656384376019,0.7986580913025741,-0.28593235525955824
2026-09-04_20-17-25_beta0.7_randomseed29,20,3,200,5,"Softplus(beta=0.7, threshold=20.0)",16,0.7,1.24e-05,0.0049771,7.3e-06,0.0041982,3.13e-05,0.0065404,0.9000340325131294,-0.013367996256370553,-14.30345661563329,0.8026873133360057,-0.26754998498710214
2026-09-04_20-21-09_beta0.7_randomseed30,20,3,200,5,"Softplus(beta=0.7, threshold=20.0)",16,0.7,1.43e-05,0.0052009,1.57e-05,0.0049362,1.29e-05,0.0052348,0.8984927623586565,-0.0074868880140643536,-14.62602171040441,0.7996106565527373,-0.2907255247946689
2026-09-04_20-24-52_beta0.7_randomseed31,20,3,200,5,"Softplus(beta=0.7, threshold=20.0)",16,0.7,4.6e-05,0.009635,0.0001036,0.0123569,5.13e-05,0.0093553,0.8964456397376515,-0.01655451091247102,-15.337692976475225,0.7784899733200464,-0.3032359319805
2026-09-04_20-28-34_beta0.7_randomseed32,20,3,200,5,"Softplus(beta=0.7, threshold=20.0)",16,0.7,9.9e-06,0.0045932,7.1e-06,0.0040624,2.7e-05,0.0063451,0.8861593569159195,-0.006932132972398651,-14.431393701973818,0.7954002160741059,-0.2694307775188854
2026-09-04_20-32-20_beta0.7_randomseed33,20,3,200,5,"Softplus(beta=0.7, threshold=20.0)",16,0.7,1.81e-05,0.0058497,4.32e-05,0.0066514,3.2e-05,0.006793,0.9070280677707221,-0.013136580212712523,-14.655840097662141,0.7962362213087195,-0.2995594376831434
2026-09-04_20-36-03_beta0.7_randomseed34,20,3,200,5,"Softplus(beta=0.7, threshold=20.0)",16,0.7,9.8e-06,0.0043779,1.33e-05,0.0045266,1.99e-05,0.0053369,0.9010231344558827,-0.01263661773111322,-14.694382697886656,0.7894640751984514,-0.28050584599787987
2026-09-04_20-39-51_beta0.7_randomseed35,20,3,200,5,"Softplus(beta=0.7, threshold=20.0)",16,0.7,1.09e-05,0.0045457,7.7e-06,0.0042065,6.9e-06,0.0039521,0.9142580613248524,-0.016262439572398407,-14.137789953791506,0.8031777239272703,-0.26606609055585706
2026-09-04_20-43-36_beta0.7_randomseed36,20,3,200,5,"Softplus(beta=0.7, threshold=20.0)",16,0.7,5.7e-06,0.0034599,4.3e-06,0.0029865,5.7e-06,0.0036486,0.8963019550018265,-0.007472957190824324,-14.57660230551088,0.807557965293667,-0.3493802245670003
2026-09-04_20-47-24_beta0.7_randomseed37,20,3,200,5,"Softplus(beta=0.7, threshold=20.0)",16,0.7,9.5e-06,0.0044339,1.11e-05,0.0051193,1.08e-05,0.0050693,0.9024835274878557,-0.010309866102248263,-14.602749496527892,0.7993710592199477,-0.29735628167069156
2026-09-04_20-51-08_beta0.7_randomseed38,20,3,200,5,"Softplus(beta=0.7, threshold=20.0)",16,0.7,9.3e-06,0.0042137,2.65e-05,0.0053711,1.53e-05,0.0046482,0.8982961374834852,-0.013492835821560068,-14.497056761825116,0.7963553063339243,-0.2506150526128542
2026-09-04_20-54-55_beta0.7_randomseed39,20,3,200,5,"Softplus(beta=0.7, threshold=20.0)",16,0.7,6.6e-06,0.0038355,6.5e-06,0.003947,3.5e-06,0.002939,0.9029993289452257,-0.007883124335757188,-14.663640082982045,0.7980681422358106,-0.28319485129783273
2026-09-04_20-58-40_beta0.7_randomseed40,20,3,200,5,"Softplus(beta=0.7, threshold=20.0)",16,0.7,1.14e-05,0.0047931,8e-06,0.0041758,9.8e-06,0.0047107,0.893048132143818,-0.010111699267712588,-14.470588654745612,0.7965205073995802,-0.28849271041809965
2026-09-04_21-02-25_beta0.7_randomseed41,20,3,200,5,"Softplus(beta=0.7, threshold=20.0)",16,0.7,1.41e-05,0.0055518,1.14e-05,0.0052166,1.41e-05,0.0056632,0.8962764746245183,0.0009311949336745869,-14.369970704988514,0.8035178471610205,-0.2688683916852086
2026-09-04_21-06-08_beta0.7_randomseed42,20,3,200,5,"Softplus(beta=0.7, threshold=20.0)",16,0.7,1.01e-05,0.0043901,9.3e-06,0.0046435,2.14e-05,0.0052394,0.8987439680317854,-0.007637190365188441,-14.406959318432794,0.7983443314948774,-0.28716797272052236
2026-09-04_21-09-54_beta0.7_randomseed43,20,3,200,5,"Softplus(beta=0.7, threshold=20.0)",16,0.7,5.1e-06,0.0030935,2.37e-05,0.0048776,1.29e-05,0.0048879,0.8961825108325566,-0.006977322214688278,-14.530146902205278,0.8004007269305908,-0.29892838819723877
2026-09-04_21-13-41_beta0.7_randomseed44,20,3,200,5,"Softplus(beta=0.7, threshold=20.0)",16,0.7,1.05e-05,0.0045246,1.91e-05,0.0054262,7.1e-06,0.0040722,0.9076622588007099,-0.014433410699334352,-14.65459826896139,0.7995877031454544,-0.2795900142116781
2026-09-04_21-17-25_beta0.7_randomseed45,20,3,200,5,"Softplus(beta=0.7, threshold=20.0)",16,0.7,6.9e-06,0.0038105,2.01e-05,0.0052747,4.7e-06,0.0032321,0.8950484238043043,-0.007773413390284316,-14.273593921522124,0.800110173539529,-0.3059159201792244
2026-09-04_21-21-13_beta0.7_randomseed46,20,3,200,5,"Softplus(beta=0.7, threshold=20.0)",16,0.7,1.01e-05,0.0043733,8.1e-06,0.004207,1.02e-05,0.0042683,0.8930939510740771,-0.00418221232571535,-14.324046467951622,0.7999557791048459,-0.29462750530858567
2026-09-04_21-24-58_beta0.7_randomseed47,20,3,200,5,"Softplus(beta=0.7, threshold=20.0)",16,0.7,4.8e-06,0.003253,1.15e-05,0.0044838,4.8e-06,0.0031861,0.9056281440022623,-0.013866452322506533,-14.636744381646125,0.7969948081381942,-0.2905192931166928
2026-09-04_21-28-46_beta0.7_randomseed48,20,3,200,5,"Softplus(beta=0.7, threshold=20.0)",16,0.7,1.16e-05,0.0046554,8.3e-06,0.0041858,1.19e-05,0.0051188,0.8985797034701749,-0.00898027728013538,-14.943445467370495,0.7937659597790785,-0.27041907632298356
2026-09-04_21-32-31_beta0.7_randomseed49,20,3,200,5,"Softplus(beta=0.7, threshold=20.0)",16,0.7,1.49e-05,0.0056232,2.45e-05,0.0069181,1.36e-05,0.0052194,0.8875222900274397,-0.009749890300418411,-13.543333684256021,0.8108676328707036,-0.3157582950864063
2026-09-04_21-36-15_beta1.0_randomseed0,20,3,200,5,"Softplus(beta=1.0, threshold=20.0)",16,1.0,1.36e-05,0.0050429,2.56e-05,0.0064021,2.56e-05,0.0064021,0.906974721316464,-0.01339726427267455,-14.815429038336248,0.7979954631260651,-0.2910594184397697
2026-09-04_21-40-00_beta1.0_randomseed1,20,3,200,5,"Softplus(beta=1.0, threshold=20.0)",16,1.0,7.1e-06,0.0039169,7.2e-06,0.004068,1.19e-05,0.0044269,0.8979485319961935,-0.008319070542296993,-14.149462143544042,0.8130284882130786,-0.2923586949820578
2026-09-04_21-43-49_beta1.0_randomseed2,20,3,200,5,"Softplus(beta=1.0, threshold=20.0)",16,1.0,4.8e-06,0.0030867,5e-06,0.0029072,9.7e-06,0.0038583,0.8968382530701199,-0.01346858893776175,-14.826087234648138,0.792156986170214,-0.27032814328391824
2026-09-04_21-47-38_beta1.0_randomseed3,20,3,200,5,"Softplus(beta=1.0, threshold=20.0)",16,1.0,8.2e-06,0.0040863,1.77e-05,0.0050679,8e-06,0.0043415,0.9089940924057391,-0.016011214334350665,-15.004284030894386,0.8021325502556034,-0.25709510772305544
2026-09-04_21-51-23_beta1.0_randomseed4,20,3,200,5,"Softplus(beta=1.0, threshold=20.0)",16,1.0,4.9e-06,0.0031227,6.6e-06,0.0036316,4.7e-06,0.0033723,0.9015909745079067,-0.014649034811799026,-14.85700096049143,0.7924786708984136,-0.3465838172142927
2026-09-04_21-55-13_beta1.0_randomseed5,20,3,200,5,"Softplus(beta=1.0, threshold=20.0)",16,1.0,8.3e-06,0.0043322,5.34e-05,0.0074579,5.8e-06,0.0038936,0.8819280001182298,-0.00788361578653598,-14.211609856229288,0.8063436947125586,-0.2789510240096182
2026-09-04_21-59-00_beta1.0_randomseed6,20,3,200,5,"Softplus(beta=1.0, threshold=20.0)",16,1.0,6e-06,0.0033582,4.9e-06,0.0032676,6.2e-06,0.0037189,0.8907063959393919,-0.012511854022815582,-13.998415304294799,0.8042717865796544,-0.30171421826031
2026-09-04_22-02-48_beta1.0_randomseed7,20,3,200,5,"Softplus(beta=1.0, threshold=20.0)",16,1.0,6.8e-06,0.0037476,3.55e-05,0.005043,6.8e-06,0.0038204,0.8937404385947068,-0.010935978837880342,-13.736187571476227,0.8206104685474905,-0.3070072977583638
2026-09-04_22-06-33_beta1.0_randomseed8,20,3,200,5,"Softplus(beta=1.0, threshold=20.0)",16,1.0,4.8e-06,0.0031671,5.5e-06,0.0033261,1.41e-05,0.0045382,0.9025890141231464,-0.009972667118527432,-14.061634861995083,0.8101521614461321,-0.34886228985933404
2026-09-04_22-10-22_beta1.0_randomseed9,20,3,200,5,"Softplus(beta=1.0, threshold=20.0)",16,1.0,8.2e-06,0.0041136,1.27e-05,0.0047664,6.5e-06,0.0039633,0.9028119020027073,-0.015909740286685087,-14.504419975942188,0.801395292603283,-0.2947433551485456
2026-09-04_22-14-09_beta1.0_randomseed10,20,3,200,5,"Softplus(beta=1.0, threshold=20.0)",16,1.0,5.9e-06,0.0036273,7.4e-06,0.0037676,4.3e-06,0.003206,0.8856475087584791,-0.006149606599398973,-14.425970737463041,0.8011401319679783,-0.2964845986823095
2026-09-04_22-17-59_beta1.0_randomseed11,20,3,200,5,"Softplus(beta=1.0, threshold=20.0)",16,1.0,9.1e-06,0.0040576,7e-06,0.0040618,5.4e-06,0.0036419,0.9005427810040123,-0.005359031575449463,-14.693824163863752,0.7956144155369631,-0.2884037480934615
2026-09-04_22-21-46_beta1.0_randomseed12,20,3,200,5,"Softplus(beta=1.0, threshold=20.0)",16,1.0,6.8e-06,0.003729,1.05e-05,0.0045324,8.1e-06,0.0043098,0.9000579948856468,-0.006469025467264186,-14.732896039817174,0.7956580131610729,-0.2944840048874097
2026-09-04_22-25-35_beta1.0_randomseed13,20,3,200,5,"Softplus(beta=1.0, threshold=20.0)",16,1.0,8.1e-06,0.0041165,4e-05,0.0071537,1.41e-05,0.0050918,0.9017633552885599,-0.010736275355576114,-13.981685264532837,0.8149200876734619,-0.35346374590132956
2026-09-04_22-29-20_beta1.0_randomseed14,20,3,200,5,"Softplus(beta=1.0, threshold=20.0)",16,1.0,6.8e-06,0.0038091,5.3e-06,0.0035261,1.17e-05,0.0047241,0.890431367877411,-0.00765564754163965,-14.350298316430985,0.8060445772708533,-0.3068227619414888
2026-09-04_22-33-06_beta1.0_randomseed15,20,3,200,5,"Softplus(beta=1.0, threshold=20.0)",16,1.0,8.3e-06,0.004206,9e-06,0.0045175,1.19e-05,0.004416,0.8906491568559648,-0.015707117858837757,-14.438638555817533,0.8044339570719099,-0.37502612380003686
2026-09-04_22-36-51_beta1.0_randomseed16,20,3,200,5,"Softplus(beta=1.0, threshold=20.0)",16,1.0,8.8e-06,0.0042205,1.05e-05,0.0046579,1.39e-05,0.0047158,0.9007876074794094,-0.01171260152758276,-14.010910439372926,0.8119568201519805,-0.30884498767357443
2026-09-04_22-40-38_beta1.0_randomseed17,20,3,200,5,"Softplus(beta=1.0, threshold=20.0)",16,1.0,1.04e-05,0.0046838,7.3e-06,0.0042222,1.29e-05,0.004985,0.8936079868784486,-0.010223572859190382,-14.091030818145418,0.8078394086949097,-0.30829940858016214
2026-09-04_22-44-25_beta1.0_randomseed18,20,3,200,5,"Softplus(beta=1.0, threshold=20.0)",16,1.0,4.5e-06,0.0030803,6.8e-06,0.0038861,6.6e-06,0.0037883,0.8961804388808374,-0.009686439324590157,-14.35844138999567,0.8031170003254895,-0.2801082607472205
2026-09-04_22-48-13_beta1.0_randomseed19,20,3,200,5,"Softplus(beta=1.0, threshold=20.0)",16,1.0,4.7e-06,0.0028822,8.4e-06,0.003484,5.1e-06,0.0030886,0.8909893315732684,-0.010164691507367273,-14.472083916428264,0.7987704175042323,-0.33106950323127105
2026-09-04_22-52-02_beta1.0_randomseed20,20,3,200,5,"Softplus(beta=1.0, threshold=20.0)",16,1.0,5.5e-06,0.0033789,1.28e-05,0.0043101,4.2e-06,0.0031057,0.8990982692764451,-0.0065013272071999615,-14.17461285894213,0.81135418880168,-0.29043802894259785
2026-09-04_22-55-48_beta1.0_randomseed21,20,3,200,5,"Softplus(beta=1.0, threshold=20.0)",16,1.0,6.9e-06,0.0037794,1.17e-05,0.0048443,2.84e-05,0.00598,0.8905006377719298,-0.008607551121363232,-14.466904235230711,0.797730581092005,-0.3662418617253038
2026-09-04_22-59-38_beta1.0_randomseed22,20,3,200,5,"Softplus(beta=1.0, threshold=20.0)",16,1.0,6.2e-06,0.003685,1.51e-05,0.0048188,1.66e-05,0.0047352,0.905851084434107,-0.013528913579341908,-14.119925452683185,0.8108212826681178,-0.29244835994067236
2026-09-04_23-03-27_beta1.0_randomseed23,20,3,200,5,"Softplus(beta=1.0, threshold=20.0)",16,1.0,8.3e-06,0.0040828,6.8e-06,0.0039076,1.76e-05,0.0052638,0.9033543817139849,-0.010041641328222259,-14.235914074345976,0.8159112459982605,-0.3106380546251425
2026-09-04_23-07-13_beta1.0_randomseed24,20,3,200,5,"Softplus(beta=1.0, threshold=20.0)",16,1.0,8.6e-06,0.0042171,2.29e-05,0.0053949,6.9e-06,0.0039618,0.8992810394655948,-0.00819496071288372,-14.339550915365814,0.7983403722133378,-0.3065376917765805
2026-09-04_23-10-59_beta1.0_randomseed25,20,3,200,5,"Softplus(beta=1.0, threshold=20.0)",16,1.0,5.1e-06,0.003231,4.6e-06,0.0031521,6.2e-06,0.0039658,0.8909601082243451,-0.008501592733773069,-14.092811704939257,0.8096796191830482,-0.29669564351093747
2026-09-04_23-14-47_beta1.0_randomseed26,20,3,200,5,"Softplus(beta=1.0, threshold=20.0)",16,1.0,9.6e-06,0.0044271,9.1e-06,0.0044199,1.09e-05,0.0042499,0.8996441735703803,-0.008826704187267238,-14.634966322044576,0.8033479475752777,-0.3514086322475035
2026-09-04_23-18-33_beta1.0_randomseed27,20,3,200,5,"Softplus(beta=1.0, threshold=20.0)",16,1.0,6e-06,0.0034904,9.8e-06,0.0034982,7.1e-06,0.0036977,0.9042375339227245,-0.0076019244760427524,-14.672073640647458,0.7989090151618282,-0.26595187542334636
2026-09-04_23-22-21_beta1.0_randomseed28,20,3,200,5,"Softplus(beta=1.0, threshold=20.0)",16,1.0,6.1e-06,0.0035755,8.6e-06,0.0039692,1.28e-05,0.0051484,0.8957168895440815,-0.010949351451202538,-14.153987616571873,0.8059884162451715,-0.327989278434056
2026-09-04_23-26-08_beta1.0_randomseed29,20,3,200,5,"Softplus(beta=1.0, threshold=20.0)",16,1.0,9e-06,0.0041855,4.6e-06,0.0033405,2.12e-05,0.0057026,0.8950727295313914,-0.008871791922896277,-14.019465239298844,0.8084057080274245,-0.3054376063791043
2026-09-04_23-29-52_beta1.0_randomseed30,20,3,200,5,"Softplus(beta=1.0, threshold=20.0)",16,1.0,3.6e-06,0.0028164,3.8e-06,0.002573,3.5e-06,0.002879,0.8991943683556911,-0.011161041075114198,-13.952834496647625,0.8100483780579459,-0.29851294679045015
2026-09-04_23-33-41_beta1.0_randomseed31,20,3,200,5,"Softplus(beta=1.0, threshold=20.0)",16,1.0,7.1e-06,0.0038661,1.93e-05,0.0051202,1.18e-05,0.004746,0.9042307339720711,-0.010639095513717377,-14.19932007695638,0.8087448818177745,-0.3136037189709296
2026-09-04_23-37-28_beta1.0_randomseed32,20,3,200,5,"Softplus(beta=1.0, threshold=20.0)",16,1.0,3.7e-06,0.0027939,2.5e-06,0.002598,9.5e-06,0.0037786,0.8953631457590221,-0.009152218717122825,-14.35514650539505,0.8015084862410667,-0.28869095106982934
2026-09-04_23-41-13_beta1.0_randomseed33,20,3,200,5,"Softplus(beta=1.0, threshold=20.0)",16,1.0,7.6e-06,0.003974,4.04e-05,0.0056612,2.3e-05,0.0052862,0.9029514067089661,-0.014244253493608337,-14.534454949913089,0.8005511079307581,-0.2951300551013958
2026-09-04_23-45-01_beta1.0_randomseed34,20,3,200,5,"Softplus(beta=1.0, threshold=20.0)",16,1.0,4.3e-06,0.0027384,5.4e-06,0.0030148,2.13e-05,0.0040875,0.8772989588533362,-0.012714825894697851,-14.339118312194438,0.79873263544914,-0.2813118201063302
2026-09-04_23-48-50_beta1.0_randomseed35,20,3,200,5,"Softplus(beta=1.0, threshold=20.0)",16,1.0,6e-06,0.0034806,5.6e-06,0.0035183,3.2e-06,0.0028099,0.90943999226964,-0.012635280730143333,-14.160909976064167,0.8119276916020098,-0.3256815646253064
2026-09-04_23-52-38_beta1.0_randomseed36,20,3,200,5,"Softplus(beta=1.0, threshold=20.0)",16,1.0,5.9e-06,0.0036404,4.5e-06,0.0032792,5.2e-06,0.003683,0.8974827588290006,-0.005991942414074022,-14.091573933546996,0.8170898701631527,-0.35820374503133684
2026-09-04_23-56-25_beta1.0_randomseed37,20,3,200,5,"Softplus(beta=1.0, threshold=20.0)",16,1.0,1.27e-05,0.0051206,1.79e-05,0.0065361,1.62e-05,0.0060478,0.8929958471481353,-0.0071869832924582756,-14.673513280135941,0.7987327711662844,-0.31855074332443667
2026-09-05_00-00-09_beta1.0_randomseed38,20,3,200,5,"Softplus(beta=1.0, threshold=20.0)",16,1.0,9.1e-06,0.0039974,1.72e-05,0.0049574,9.2e-06,0.0041141,0.8804493163679652,-0.013357566778272887,-14.43841609401009,0.7972550628310608,-0.29469890865504667
2026-09-05_00-04-00_beta1.0_randomseed39,20,3,200,5,"Softplus(beta=1.0, threshold=20.0)",16,1.0,5.7e-06,0.0034342,5.3e-06,0.003521,4.6e-06,0.0031495,0.9080305896898336,-0.01733824750075269,-14.258531937395375,0.806157751078115,-0.32817254394373824
2026-09-05_00-07-46_beta1.0_randomseed40,20,3,200,5,"Softplus(beta=1.0, threshold=20.0)",16,1.0,9.2e-06,0.0043393,8.3e-06,0.0041733,9.7e-06,0.0047708,0.9046716487389622,-0.01087921248708269,-13.694201272356006,0.8127782763202174,-0.37153418282484535
2026-09-05_00-11-32_beta1.0_randomseed41,20,3,200,5,"Softplus(beta=1.0, threshold=20.0)",16,1.0,1.14e-05,0.0048233,1.06e-05,0.0050089,1.55e-05,0.0061086,0.8763308065874824,-0.006637842468096461,-13.651546623458433,0.8196431732849018,-0.2901154327255523
2026-09-05_00-15-16_beta1.0_randomseed42,20,3,200,5,"Softplus(beta=1.0, threshold=20.0)",16,1.0,5.6e-06,0.0033882,4.1e-06,0.0032417,1.57e-05,0.0044857,0.8934947698031985,-0.008824437865231061,-14.029861073845291,0.8149821893296201,-0.40950849104956505
2026-09-05_00-19-02_beta1.0_randomseed43,20,3,200,5,"Softplus(beta=1.0, threshold=20.0)",16,1.0,6.4e-06,0.0035036,1.71e-05,0.0046913,2.22e-05,0.0057839,0.8878393265430733,-0.0045979614474313275,-14.099447225863177,0.8086660146812793,-0.30537201119376467
2026-09-05_00-22-49_beta1.0_randomseed44,20,3,200,5,"Softplus(beta=1.0, threshold=20.0)",16,1.0,6.8e-06,0.0036491,1.3e-05,0.0049535,4.8e-06,0.0032975,0.8990581758267762,-0.013133317098313401,-14.255563846224273,0.809722649345068,-0.29541283965197235
2026-09-05_00-26-37_beta1.0_randomseed45,20,3,200,5,"Softplus(beta=1.0, threshold=20.0)",16,1.0,7.1e-06,0.0037288,2.2e-05,0.00596,5.6e-06,0.0037026,0.9009984749233709,-0.005867745136925495,-14.072349655312262,0.8093045209494788,-0.3406076164328664
2026-09-05_00-30-24_beta1.0_randomseed46,20,3,200,5,"Softplus(beta=1.0, threshold=20.0)",16,1.0,7.1e-06,0.0038624,7.5e-06,0.0041262,7.4e-06,0.003736,0.9092751308328199,-0.016594766165612264,-13.936979767625342,0.8064719841408102,-0.34443891062925613
2026-09-05_00-34-11_beta1.0_randomseed47,20,3,200,5,"Softplus(beta=1.0, threshold=20.0)",16,1.0,5.4e-06,0.0034072,1.05e-05,0.0044447,6.1e-06,0.0035782,0.8967943622076804,-0.013529574084816365,-14.120924313293377,0.8097777318112513,-0.3313540656803949
2026-09-05_00-37-58_beta1.0_randomseed48,20,3,200,5,"Softplus(beta=1.0, threshold=20.0)",16,1.0,8.2e-06,0.0041018,5.2e-06,0.0036472,7.4e-06,0.0043395,0.8978573478245944,-0.007098856445164307,-14.292106121534237,0.8045735737829991,-0.2891745909121434
2026-09-05_00-41-46_beta1.0_randomseed49,20,3,200,5,"Softplus(beta=1.0, threshold=20.0)",16,1.0,4.9e-06,0.0031343,7.9e-06,0.0035388,4.4e-06,0.0031767,0.888890196983216,-0.007715969803094408,-14.00512907264934,0.8089038223166922,-0.2946201118084391
2026-09-05_00-45-36_beta1.5_randomseed0,20,3,200,5,"Softplus(beta=1.5, threshold=20.0)",16,1.5,5.1e-06,0.0031689,7.5e-06,0.0036934,7.5e-06,0.0036934,0.895405491381624,-0.0066637850629347305,-14.754879118609512,0.8115193620113283,-0.35384606973981547
2026-09-05_00-49-24_beta1.5_randomseed1,20,3,200,5,"Softplus(beta=1.5, threshold=20.0)",16,1.5,4.1e-06,0.0030688,5.1e-06,0.003225,5.8e-06,0.0029809,0.907863101397405,-0.010596076669578878,-14.624214248960731,0.8146239294237466,-0.28709126824043474
2026-09-05_00-53-15_beta1.5_randomseed2,20,3,200,5,"Softplus(beta=1.5, threshold=20.0)",16,1.5,1.47e-05,0.0055288,2.43e-05,0.0059785,5.27e-05,0.007874,0.8771604450008189,-0.012399562349837448,-15.326513428173461,0.7666730020210993,-0.32827022046465265
2026-09-05_00-57-00_beta1.5_randomseed3,20,3,200,5,"Softplus(beta=1.5, threshold=20.0)",16,1.5,3.7e-06,0.0028097,6.3e-06,0.0033904,4.9e-06,0.0033528,0.8977089080407253,-0.00966897388722142,-14.986543043491054,0.7999396575133414,-0.4222226995892786
2026-09-05_01-00-47_beta1.5_randomseed4,20,3,200,5,"Softplus(beta=1.5, threshold=20.0)",16,1.5,2.6e-06,0.0024113,3.2e-06,0.0024743,4.5e-06,0.002814,0.8957348723083332,-0.015681323506103864,-15.283903143539215,0.7954188735972416,-0.3007141561421073
2026-09-05_01-04-38_beta1.5_randomseed5,20,3,200,5,"Softplus(beta=1.5, threshold=20.0)",16,1.5,8.2e-06,0.0043033,9.07e-05,0.0094669,6.1e-06,0.0037857,0.910099380108394,-0.016789759892528837,-14.002144196762723,0.8205578137141218,-0.3433409272664595
2026-09-05_01-08-23_beta1.5_randomseed6,20,3,200,5,"Softplus(beta=1.5, threshold=20.0)",16,1.5,2.7e-06,0.0023466,2.5e-06,0.0023354,3.9e-06,0.0029556,0.8821004127161534,-0.004699735492698113,-14.419488997481059,0.8069850993939858,-0.347287383405101
2026-09-05_01-12-13_beta1.5_randomseed7,20,3,200,5,"Softplus(beta=1.5, threshold=20.0)",16,1.5,6e-06,0.0035516,2.23e-05,0.0042332,6.2e-06,0.0036578,0.8996096302747489,-0.014585838155750961,-14.121317517532294,0.8181731116862224,-0.38485141206043183
2026-09-05_01-16-00_beta1.5_randomseed8,20,3,200,5,"Softplus(beta=1.5, threshold=20.0)",16,1.5,7.7e-06,0.0040451,1.04e-05,0.0047848,2.14e-05,0.0058023,0.9013353058293211,-0.007371702756956219,-13.681654069449394,0.8159673980968869,-0.38775203029147004
2026-09-05_01-19-47_beta1.5_randomseed9,20,3,200,5,"Softplus(beta=1.5, threshold=20.0)",16,1.5,7e-06,0.0036512,1.56e-05,0.0052734,6.6e-06,0.0038069,0.902835952946283,-0.013881261904536198,-14.47588345838705,0.8036106729405142,-0.2886844264552624
2026-09-05_01-23-36_beta1.5_randomseed10,20,3,200,5,"Softplus(beta=1.5, threshold=20.0)",16,1.5,6.8e-06,0.0036128,9.5e-06,0.0042943,5.7e-06,0.0035463,0.8959874294768806,-0.013662851257580743,-14.818737366962134,0.7992259257456787,-0.317280314570505
2026-09-05_01-27-24_beta1.5_randomseed11,20,3,200,5,"Softplus(beta=1.5, threshold=20.0)",16,1.5,2.4e-06,0.0022372,2.5e-06,0.0024824,1.4e-06,0.001871,0.8906864905112869,-0.004588941699350667,-14.654093923020579,0.7956552919134954,-0.301588011446679
2026-09-05_01-31-14_beta1.5_randomseed12,20,3,200,5,"Softplus(beta=1.5, threshold=20.0)",16,1.5,6.9e-06,0.0036114,8.8e-06,0.0042103,1.26e-05,0.0047568,0.8988842496968985,-0.017447702213335754,-14.322573439244945,0.8044957958032979,-0.30369262523650686
2026-09-05_01-35-04_beta1.5_randomseed13,20,3,200,5,"Softplus(beta=1.5, threshold=20.0)",16,1.5,4.9e-06,0.0031961,1.49e-05,0.0045018,8.8e-06,0.0043081,0.902575687126277,-0.008756865786105211,-14.56458321189307,0.8024967302906048,-0.3127307628955983
2026-09-05_01-38-49_beta1.5_randomseed14,20,3,200,5,"Softplus(beta=1.5, threshold=20.0)",16,1.5,3.6e-06,0.0028888,3.7e-06,0.0029046,5.3e-06,0.0033356,0.8739346135126702,-0.003343570828081683,-14.277798313608148,0.807579123875563,-0.3065642620451642
2026-09-05_01-42-39_beta1.5_randomseed15,20,3,200,5,"Softplus(beta=1.5, threshold=20.0)",16,1.5,5.8e-06,0.0035767,5.3e-06,0.0034873,8.1e-06,0.0039663,0.8976171789370987,-0.009854748290151455,-14.329277794809116,0.8082567113784365,-0.3332964612674899
2026-09-05_01-46-28_beta1.5_randomseed16,20,3,200,5,"Softplus(beta=1.5, threshold=20.0)",16,1.5,4.7e-06,0.0030528,6.7e-06,0.0034964,1.01e-05,0.003685,0.9022168463416975,-0.010989593481606667,-13.846699434243163,0.8068300775702337,-0.32616229521683027
2026-09-05_01-50-17_beta1.5_randomseed17,20,3,200,5,"Softplus(beta=1.5, threshold=20.0)",16,1.5,2.9e-06,0.0025094,1.8e-06,0.0021332,5.9e-06,0.002867,0.8843100829242356,-0.004659378487606591,-14.391654654850011,0.8022396507471099,-0.28279225694784693
2026-09-05_01-54-09_beta1.5_randomseed18,20,3,200,5,"Softplus(beta=1.5, threshold=20.0)",16,1.5,4.6e-06,0.0030381,3.9e-06,0.0029529,4e-06,0.0028852,0.88646625247721,-0.018390063962685683,-14.531861060221189,0.8070680615357784,-0.3347121832055994
2026-09-05_01-57-55_beta1.5_randomseed19,20,3,200,5,"Softplus(beta=1.5, threshold=20.0)",16,1.5,1.7e-06,0.0018666,7.6e-06,0.002508,2.1e-06,0.0019324,0.8868351949434323,-0.001867143245309866,-14.741595666394991,0.7996728143112264,-0.308390027822617
2026-09-05_02-01-46_beta1.5_randomseed20,20,3,200,5,"Softplus(beta=1.5, threshold=20.0)",16,1.5,3.3e-06,0.0025673,8.8e-06,0.0034955,3.2e-06,0.002656,0.901720307354538,-0.010640672556391149,-14.3654890406877,0.8121716681874664,-0.29725054659985706
2026-09-05_02-05-36_beta1.5_randomseed21,20,3,200,5,"Softplus(beta=1.5, threshold=20.0)",16,1.5,3.5e-06,0.0027159,4.8e-06,0.0029882,7.8e-06,0.003634,0.8987708510128449,-0.01483516633908294,-14.175312107832728,0.8085868816247869,-0.38199303062667445
2026-09-05_02-09-28_beta1.5_randomseed22,20,3,200,5,"Softplus(beta=1.5, threshold=20.0)",16,1.5,4.4e-06,0.0030082,7.9e-06,0.0038148,9.5e-06,0.0038332,0.9052562915065565,-0.008793821137370785,-14.202530443143393,0.8074421996750326,-0.34378055409055586
2026-09-05_02-13-18_beta1.5_randomseed23,20,3,200,5,"Softplus(beta=1.5, threshold=20.0)",16,1.5,4.3e-06,0.0029848,5.6e-06,0.0036035,1.13e-05,0.0039604,0.8853066593655221,-0.006616300139258546,-14.439228392420393,0.8136205530216559,-0.3087133590227686
2026-09-05_02-17-07_beta1.5_randomseed24,20,3,200,5,"Softplus(beta=1.5, threshold=20.0)",16,1.5,5.7e-06,0.0034507,1.63e-05,0.0044554,6.4e-06,0.0038605,0.8873400980696843,-0.003556537752230634,-14.623684588600682,0.8042454304728194,-0.3251624356723237
2026-09-05_02-20-56_beta1.5_randomseed25,20,3,200,5,"Softplus(beta=1.5, threshold=20.0)",16,1.5,5.8e-06,0.0033649,5.4e-06,0.0030828,7.6e-06,0.0041924,0.8827139255827989,-0.0148035898394541,-14.78004485526618,0.8029140034951607,-0.32629580826746496
2026-09-05_02-24-45_beta1.5_randomseed26,20,3,200,5,"Softplus(beta=1.5, threshold=20.0)",16,1.5,3.1e-06,0.0025619,2.4e-06,0.0024084,3.8e-06,0.0026768,0.8959327702537532,-0.011924079647447402,-14.195618198229255,0.8115089726937302,-0.32063767174374097
2026-09-05_02-28-35_beta1.5_randomseed27,20,3,200,5,"Softplus(beta=1.5, threshold=20.0)",16,1.5,2.4e-06,0.0021946,1.5e-06,0.0018467,5.7e-06,0.0030132,0.9044956643892658,-0.009678303524994977,-14.260533675725213,0.8042717477170924,-0.330658818995025
2026-09-05_02-32-26_beta1.5_randomseed28,20,3,200,5,"Softplus(beta=1.5, threshold=20.0)",16,1.5,2.9e-06,0.0024614,1.03e-05,0.0033571,5.5e-06,0.0033017,0.8930907887293149,-0.012790720140050574,-14.37467489073442,0.807774565330394,-0.31536488365662363
2026-09-05_02-36-15_beta1.5_randomseed29,20,3,200,5,"Softplus(beta=1.5, threshold=20.0)",16,1.5,3.6e-06,0.0026481,2.6e-06,0.0024103,6e-06,0.0032566,0.8880052132161677,-0.009802135924388977,-14.438053034603712,0.8112720518610212,-0.29320459170615765
2026-09-05_02-40-04_beta1.5_randomseed30,20,3,200,5,"Softplus(beta=1.5, threshold=20.0)",16,1.5,3e-06,0.0025514,4.3e-06,0.0025664,3.4e-06,0.0028261,0.8938945158339087,-0.010010275750317463,-14.244367496727733,0.8108776745554709,-0.3083112019537321
2026-09-05_02-43-53_beta1.5_randomseed31,20,3,200,5,"Softplus(beta=1.5, threshold=20.0)",16,1.5,6.3e-06,0.0036787,1.67e-05,0.0047739,1.02e-05,0.0043138,0.8990023230741715,-0.009932738389507416,-14.136662213959891,0.8170041646534714,-0.25970906853664766
2026-09-05_02-47-41_beta1.5_randomseed32,20,3,200,5,"Softplus(beta=1.5, threshold=20.0)",16,1.5,2.4e-06,0.0023461,2.2e-06,0.0023945,7.2e-06,0.0030299,0.8736496156087551,-0.00749631507131855,-14.58627169607214,0.7948044318612744,-0.5207110871091762
2026-09-05_02-51-30_beta1.5_randomseed33,20,3,200,5,"Softplus(beta=1.5, threshold=20.0)",16,1.5,4.2e-06,0.0028928,1.37e-05,0.0041405,1.08e-05,0.0040915,0.8941970781028667,-0.008756854920218106,-14.1763763168864,0.8180531393608164,-0.3981902678971644
2026-09-05_02-55-18_beta1.5_randomseed34,20,3,200,5,"Softplus(beta=1.5, threshold=20.0)",16,1.5,5e-06,0.0032631,6.4e-06,0.0036524,1.14e-05,0.0037018,0.9040777266760346,-0.009491563657014515,-14.410048978654359,0.8068794550108305,-0.30057961853204745
2026-09-05_02-59-08_beta1.5_randomseed35,20,3,200,5,"Softplus(beta=1.5, threshold=20.0)",16,1.5,2.5e-06,0.0023706,2.6e-06,0.0024371,1.7e-06,0.0020896,0.9065432071293005,-0.015037954407243509,-14.5420723026072,0.8118646487055508,-0.3489319376468137
2026-09-05_03-02-57_beta1.5_randomseed36,20,3,200,5,"Softplus(beta=1.5, threshold=20.0)",16,1.5,2.4e-06,0.0022776,2.1e-06,0.0021237,4.7e-06,0.0028748,0.9025824869169028,-0.01039556739220084,-14.53469157519469,0.8108007076337185,-0.3488642508145356
2026-09-05_03-06-48_beta1.5_randomseed37,20,3,200,5,"Softplus(beta=1.5, threshold=20.0)",16,1.5,4.5e-06,0.0031303,1.11e-05,0.0044244,7.2e-06,0.0038102,0.9018904691394113,-0.015979596549993706,-15.311297848135968,0.7799577642927906,-0.2749650812881743
2026-09-05_03-10-32_beta1.5_randomseed38,20,3,200,5,"Softplus(beta=1.5, threshold=20.0)",16,1.5,5.7e-06,0.0034086,1.16e-05,0.0046725,1.08e-05,0.0041983,0.8992306730497033,-0.015258744703884086,-15.353755188459683,0.7924009562564581,-0.8750316191443513
2026-09-05_03-14-19_beta1.5_randomseed39,20,3,200,5,"Softplus(beta=1.5, threshold=20.0)",16,1.5,4.1e-06,0.0028708,5e-06,0.0032695,4.9e-06,0.0031502,0.8936560035295175,-0.01018071819794272,-14.06433633965386,0.8103953183250256,-0.3684596096864545
2026-09-05_03-18-05_beta1.5_randomseed40,20,3,200,5,"Softplus(beta=1.5, threshold=20.0)",16,1.5,6.9e-06,0.0036728,6.1e-06,0.0035081,6.8e-06,0.0039349,0.900745361346441,-0.0120734977019567,-13.901717745080521,0.8148357934469809,-0.3838858468727596
2026-09-05_03-21-54_beta1.5_randomseed41,20,3,200,5,"Softplus(beta=1.5, threshold=20.0)",16,1.5,5.7e-06,0.0033838,8e-06,0.0042071,9.5e-06,0.0045807,0.8921940887657206,-0.0029803677516051937,-13.8386547872326,0.8220668325786539,-0.2935536978548975
2026-09-05_03-25-41_beta1.5_randomseed42,20,3,200,5,"Softplus(beta=1.5, threshold=20.0)",16,1.5,2.7e-06,0.002397,2.9e-06,0.0025172,6.9e-06,0.0031278,0.9038806501639224,-0.013265880009535509,-14.441198827903122,0.8057144388309435,-0.42973806222292243
2026-09-05_03-29-28_beta1.5_randomseed43,20,3,200,5,"Softplus(beta=1.5, threshold=20.0)",16,1.5,3.4e-06,0.0025476,2.57e-05,0.0042645,1.14e-05,0.0040054,0.8850620502848006,-0.005657620919205636,-14.676861593650836,0.8022722650916869,-0.33838074463530604
2026-09-05_03-33-17_beta1.5_randomseed44,20,3,200,5,"Softplus(beta=1.5, threshold=20.0)",16,1.5,2.4e-06,0.002149,4.4e-06,0.0030246,1.9e-06,0.0020144,0.8925086043681827,-0.005142500368867274,-14.917630387008236,0.8021016578611929,-0.2669017186979711
2026-09-05_03-37-08_beta1.5_randomseed45,20,3,200,5,"Softplus(beta=1.5, threshold=20.0)",16,1.5,2.8e-06,0.0024765,1.47e-05,0.0043259,3.2e-06,0.0023864,0.8945009391386742,-0.007211054902285864,-14.166323790652623,0.8117438904626576,-0.41285222870940885
2026-09-05_03-41-00_beta1.5_randomseed46,20,3,200,5,"Softplus(beta=1.5, threshold=20.0)",16,1.5,3.5e-06,0.0027548,3.8e-06,0.0028814,4.4e-06,0.0028414,0.8813839263879301,-0.005231552391843215,-14.443630666055572,0.8050787272622735,-0.2704305439865379
2026-09-05_03-44-50_beta1.5_randomseed47,20,3,200,5,"Softplus(beta=1.5, threshold=20.0)",16,1.5,5.8e-06,0.0034996,7.5e-06,0.0038584,8.6e-06,0.0038331,0.9000198120432756,-0.007083661389552363,-14.285748296329762,0.8139765921224557,-0.3308052525164884
2026-09-05_03-48-37_beta1.5_randomseed48,20,3,200,5,"Softplus(beta=1.5, threshold=20.0)",16,1.5,6.3e-06,0.0034045,3.3e-06,0.0027441,4.3e-06,0.0029661,0.8849767832337052,-0.008673230997665175,-14.156424559012645,0.8036063937134136,-0.372383665947989
2026-09-05_03-52-25_beta1.5_randomseed49,20,3,200,5,"Softplus(beta=1.5, threshold=20.0)",16,1.5,1.9e-06,0.0020106,3.3e-06,0.0024675,2e-06,0.002125,0.8969978211321761,-0.00816074656759712,-14.417840424467169,0.8078447649553512,-0.3400029976588753
2026-09-05_03-56-18_beta2.0_randomseed0,20,3,200,5,"Softplus(beta=2.0, threshold=20.0)",16,2.0,3.4e-06,0.0026461,4e-06,0.0026889,4e-06,0.0026889,0.8969001686344192,-0.010173304387235889,-14.891873815212307,0.8029251358245434,-0.422893238732045
2026-09-05_04-00-08_beta2.0_randomseed1,20,3,200,5,"Softplus(beta=2.0, threshold=20.0)",16,2.0,2.4e-06,0.0022856,3.5e-06,0.0025837,2.8e-06,0.0020633,0.8910322801173786,-0.007554963109355441,-14.500816426607495,0.8073912282082899,-0.309678098377174
2026-09-05_04-04-00_beta2.0_randomseed2,20,3,200,5,"Softplus(beta=2.0, threshold=20.0)",16,2.0,2.4e-06,0.0022066,3.2e-06,0.0023748,9e-06,0.0034364,0.8797626971859049,-0.005300965975697177,-14.409015518231488,0.7795380746660902,-0.29397471398587505
2026-09-05_04-07-49_beta2.0_randomseed3,20,3,200,5,"Softplus(beta=2.0, threshold=20.0)",16,2.0,3.6e-06,0.0028026,1.68e-05,0.0041342,5.1e-06,0.0032142,0.903169454550274,-0.009518777761747864,-15.767382971355763,0.787567448006864,-0.35093777514464464
2026-09-05_04-11-35_beta2.0_randomseed4,20,3,200,5,"Softplus(beta=2.0, threshold=20.0)",16,2.0,2.8e-06,0.0023017,4.8e-06,0.0030088,4e-06,0.0025154,0.8939977081233467,-0.003925799336083243,-15.401629713725091,0.7928769216284388,-0.2927501827649742
2026-09-05_04-15-21_beta2.0_randomseed5,20,3,200,5,"Softplus(beta=2.0, threshold=20.0)",16,2.0,2.6e-06,0.0024017,3.52e-05,0.0061859,2.7e-06,0.0024695,0.9002798274829255,-0.010893709004532195,-14.59194860115656,0.8182649408162481,-0.3446087286720628
2026-09-05_04-19-12_beta2.0_randomseed6,20,3,200,5,"Softplus(beta=2.0, threshold=20.0)",16,2.0,7.4e-06,0.0037161,6.2e-06,0.0037338,8.1e-06,0.0039973,0.8869716098475562,-0.008500193016814437,-14.08072034223568,0.8116166564907772,-0.5449135052730097
2026-09-05_04-22-56_beta2.0_randomseed7,20,3,200,5,"Softplus(beta=2.0, threshold=20.0)",16,2.0,5e-06,0.0033164,1.3e-05,0.0037911,4.4e-06,0.003389,0.8982484706714324,-0.00929607905454371,-14.797104383755649,0.8027037450188373,-0.5822055804545145
2026-09-05_04-26-42_beta2.0_randomseed8,20,3,200,5,"Softplus(beta=2.0, threshold=20.0)",16,2.0,2.4e-06,0.0022266,4e-06,0.0029518,1.65e-05,0.0037032,0.8947885176275427,-0.0040503309220105334,-14.443762960534784,0.7836273674130514,-0.2991976991965323
2026-09-05_04-30-30_beta2.0_randomseed9,20,3,200,5,"Softplus(beta=2.0, threshold=20.0)",16,2.0,2.4e-06,0.0023241,3.9e-06,0.0027647,2.4e-06,0.0024138,0.8963377436695568,-0.01019828534697632,-14.57768660829216,0.7978877680445181,-0.2818022841443623
2026-09-05_04-34-20_beta2.0_randomseed10,20,3,200,5,"Softplus(beta=2.0, threshold=20.0)",16,2.0,5e-06,0.0033509,5.8e-06,0.0034728,3.8e-06,0.0031159,0.9035861101076611,-0.013957021865746034,-14.811173197347514,0.8059915866289611,-0.31879258244499553
2026-09-05_04-38-10_beta2.0_randomseed11,20,3,200,5,"Softplus(beta=2.0, threshold=20.0)",16,2.0,3.1e-06,0.0024537,3.1e-06,0.0025524,2.4e-06,0.0023424,0.8905659695526398,-0.00416856788609795,-14.855255043392171,0.7913507859493503,-0.2882424761625857
2026-09-05_04-41-55_beta2.0_randomseed12,20,3,200,5,"Softplus(beta=2.0, threshold=20.0)",16,2.0,5.8e-06,0.0033234,7.6e-06,0.0039233,8.6e-06,0.0042516,0.9025033625698887,-0.012776477495988422,-15.196345093641387,0.787300656877558,-0.3222896211783294
2026-09-05_04-45-40_beta2.0_randomseed13,20,3,200,5,"Softplus(beta=2.0, threshold=20.0)",16,2.0,1.1e-06,0.0015784,3.2e-06,0.0021405,1.4e-06,0.0017891,0.8988787375646629,-0.010681282219860885,-13.99741273567481,0.8080069780074777,-0.3091033710515262
2026-09-05_04-49-30_beta2.0_randomseed14,20,3,200,5,"Softplus(beta=2.0, threshold=20.0)",16,2.0,1.9e-06,0.0020132,1.1e-06,0.0016142,1.9e-06,0.002075,0.8933974402119033,-0.0068477696586173075,-14.137728144932108,0.8043370884309038,-0.3091214508582885
2026-09-05_04-53-20_beta2.0_randomseed15,20,3,200,5,"Softplus(beta=2.0, threshold=20.0)",16,2.0,3.6e-06,0.0027652,4.6e-06,0.0031982,6.4e-06,0.0032467,0.8837145369742994,-0.013309672057738592,-15.189308219182792,0.8022374907527476,-0.8011753318992998
2026-09-05_04-57-07_beta2.0_randomseed16,20,3,200,5,"Softplus(beta=2.0, threshold=20.0)",16,2.0,3.2e-06,0.0025548,7.1e-06,0.0033589,4.3e-06,0.0028788,0.9075452000755018,-0.008979844333734398,-14.361850906791403,0.7824483513229291,-0.3673690022076037
2026-09-05_05-00-55_beta2.0_randomseed17,20,3,200,5,"Softplus(beta=2.0, threshold=20.0)",16,2.0,4.3e-06,0.0029482,2.6e-06,0.0025812,4.9e-06,0.0029563,0.8928452654139349,-0.009294926792091403,-15.107407930834452,0.7925846227013611,-0.347096125256785
2026-09-05_05-04-43_beta2.0_randomseed18,20,3,200,5,"Softplus(beta=2.0, threshold=20.0)",16,2.0,3.9e-06,0.0029053,5.2e-06,0.0034583,3.7e-06,0.0030455,0.8872168964285672,-0.00646885489499559,-15.218820769125424,0.7911912179543358,-0.3044308230810377
2026-09-05_05-08-30_beta2.0_randomseed19,20,3,200,5,"Softplus(beta=2.0, threshold=20.0)",16,2.0,3.3e-06,0.0026213,8.8e-06,0.0032371,4.5e-06,0.0029775,0.8816165031527167,-0.006343952748028156,-14.366735099941817,0.7844557737694141,-0.494759977029236
2026-09-05_05-12-16_beta2.0_randomseed20,20,3,200,5,"Softplus(beta=2.0, threshold=20.0)",16,2.0,2.6e-06,0.0024801,4.2e-06,0.0030672,2.2e-06,0.0024271,0.9097981231995895,-0.016684492351942345,-14.80802368730248,0.8086701464236168,-0.29634241034403874
2026-09-05_05-16-04_beta2.0_randomseed21,20,3,200,5,"Softplus(beta=2.0, threshold=20.0)",16,2.0,2.5e-06,0.002227,4.5e-06,0.0029749,8.6e-06,0.002862,0.8748566002769943,-0.0030179341244867285,-14.290878330924087,0.802170674375265,-0.45604239319482487
2026-09-05_05-19-57_beta2.0_randomseed22,20,3,200,5,"Softplus(beta=2.0, threshold=20.0)",16,2.0,2.2e-06,0.0022088,5.6e-06,0.0029965,1.17e-05,0.0034729,0.8984067228350445,-0.007517964033599107,-15.219852353220165,0.7882511038304141,-0.273694714974832
2026-09-05_05-23-45_beta2.0_randomseed23,20,3,200,5,"Softplus(beta=2.0, threshold=20.0)",16,2.0,5.8e-06,0.0034966,5.5e-06,0.0037556,1.67e-05,0.0047868,0.892671231505825,-0.00468102778219218,-14.588170575381202,0.8075446001101302,-0.3415251762732619
2026-09-05_05-27-32_beta2.0_randomseed24,20,3,200,5,"Softplus(beta=2.0, threshold=20.0)",16,2.0,3.5e-06,0.0027152,8e-06,0.0032857,5.4e-06,0.0035419,0.8892380478935417,-0.00785917696539524,-15.424239404634056,0.7790103273067471,-0.5320984744159297
2026-09-05_05-31-22_beta2.0_randomseed25,20,3,200,5,"Softplus(beta=2.0, threshold=20.0)",16,2.0,1.8e-06,0.0019258,2.5e-06,0.00202,1.9e-06,0.0020344,0.905861032808683,-0.011301770693182394,-15.040056680582262,0.7958569572564238,-0.24828136067513323
2026-09-05_05-35-13_beta2.0_randomseed26,20,3,200,5,"Softplus(beta=2.0, threshold=20.0)",16,2.0,2.9e-06,0.0023074,2.6e-06,0.0023521,4.8e-06,0.0028388,0.9023298700439011,-0.01320296101762509,-14.400576101000159,0.7964125377738014,-0.3811559778907031
2026-09-05_05-38-59_beta2.0_randomseed27,20,3,200,5,"Softplus(beta=2.0, threshold=20.0)",16,2.0,4.6e-06,0.0031801,6.6e-06,0.003553,1.59e-05,0.0042177,0.9003865113529251,-0.013337697262845543,-14.435851718661045,0.8069368711324033,-0.36541560685598223
2026-09-05_05-42-44_beta2.0_randomseed28,20,3,200,5,"Softplus(beta=2.0, threshold=20.0)",16,2.0,4.3e-06,0.0030428,1.42e-05,0.0038943,1.05e-05,0.0043922,0.906351923295485,-0.011851860555827801,-15.062002451359287,0.8031287820168339,-0.27831366547520386
2026-09-05_05-46-30_beta2.0_randomseed29,20,3,200,5,"Softplus(beta=2.0, threshold=20.0)",16,2.0,2.7e-06,0.0023761,2.4e-06,0.0022745,6.8e-06,0.0037623,0.90244075372898,-0.007274650613497224,-15.15635942455631,0.7983232090522806,-0.27023040671248166
2026-09-05_05-50-20_beta2.0_randomseed30,20,3,200,5,"Softplus(beta=2.0, threshold=20.0)",16,2.0,3e-06,0.0024813,2.2e-06,0.0023252,2.6e-06,0.0024129,0.9037058865872301,-0.010217300832746008,-15.026167393584682,0.7969156353034373,-0.48604089478786483
2026-09-05_05-54-08_beta2.0_randomseed31,20,3,200,5,"Softplus(beta=2.0, threshold=20.0)",16,2.0,2.3e-06,0.0022862,6e-06,0.0028914,3e-06,0.0025709,0.8978748745580643,-0.015553112253423373,-14.915836802169371,0.8043133524242826,-0.24342422944463865
2026-09-05_05-58-00_beta2.0_randomseed32,20,3,200,5,"Softplus(beta=2.0, threshold=20.0)",16,2.0,5.9e-06,0.0036308,4.2e-06,0.0033023,2.19e-05,0.0053931,0.8599970408764788,-0.005356864495964034,-14.915280708435688,0.7840992804061278,-0.6899591151267849
2026-09-05_06-01-46_beta2.0_randomseed33,20,3,200,5,"Softplus(beta=2.0, threshold=20.0)",16,2.0,2.7e-06,0.0024351,1.01e-05,0.0031908,5.3e-06,0.0032634,0.8978312838845872,-0.01743364224181205,-14.907480965782081,0.8045826720097521,-0.449980585005742
2026-09-05_06-05-33_beta2.0_randomseed34,20,3,200,5,"Softplus(beta=2.0, threshold=20.0)",16,2.0,2.8e-06,0.0023758,4.1e-06,0.0028999,1.28e-05,0.0031275,0.8944126751093637,-0.010166842295595845,-15.507370706551239,0.7933928577292881,-0.25610313488170555
2026-09-05_06-09-21_beta2.0_randomseed35,20,3,200,5,"Softplus(beta=2.0, threshold=20.0)",16,2.0,1.6e-06,0.0017625,1.9e-06,0.0021075,1.3e-06,0.0017333,0.9053882409785794,-0.012119664502974073,-14.971910289904875,0.7988390210963223,-0.3894745305415248
2026-09-05_06-13-08_beta2.0_randomseed36,20,3,200,5,"Softplus(beta=2.0, threshold=20.0)",16,2.0,2.4e-06,0.0022646,2e-06,0.0022308,6.4e-06,0.0029867,0.9070805874428662,-0.013639297866708616,-14.957949394476056,0.7984408043880875,-0.36249761725759944
2026-09-05_06-16-57_beta2.0_randomseed37,20,3,200,5,"Softplus(beta=2.0, threshold=20.0)",16,2.0,2.2e-06,0.0021282,3.5e-06,0.0026512,3.1e-06,0.002514,0.9027620844242564,-0.011164055360227996,-15.362818600585857,0.7652120408877757,-0.2699931013646667
2026-09-05_06-20-45_beta2.0_randomseed38,20,3,200,5,"Softplus(beta=2.0, threshold=20.0)",16,2.0,5.5e-06,0.0032732,1.69e-05,0.0047565,1.12e-05,0.0042717,0.9009385164140149,-0.014994845635691173,-15.133411792100578,0.7814714252244979,-1.1210286420351425
2026-09-05_06-24-31_beta2.0_randomseed39,20,3,200,5,"Softplus(beta=2.0, threshold=20.0)",16,2.0,2.3e-06,0.0022838,2.6e-06,0.0024793,2.1e-06,0.0020643,0.9067264394689655,-0.011178510274716068,-14.866427256783131,0.789447210309447,-0.38732005501335653
2026-09-05_06-28-18_beta2.0_randomseed40,20,3,200,5,"Softplus(beta=2.0, threshold=20.0)",16,2.0,6e-06,0.0036144,5.3e-06,0.0035244,3.5e-06,0.0028001,0.9052444116270948,-0.012696272351471643,-14.780434767392236,0.7890017518475823,-0.6236939762688871
2026-09-05_06-32-05_beta2.0_randomseed41,20,3,200,5,"Softplus(beta=2.0, threshold=20.0)",16,2.0,3.5e-06,0.0027525,2.9e-06,0.0026194,5e-06,0.0033396,0.9016515932948295,-0.00901705989264697,-14.620251395338192,0.8035599269758229,-0.33830425149405147
2026-09-05_06-35-51_beta2.0_randomseed42,20,3,200,5,"Softplus(beta=2.0, threshold=20.0)",16,2.0,2.2e-06,0.0021231,2.2e-06,0.0021623,7.6e-06,0.0032264,0.9032958589771832,-0.01403219259607472,-14.8291556422692,0.7803154177829634,-0.41611922967847714
2026-09-05_06-39-39_beta2.0_randomseed43,20,3,200,5,"Softplus(beta=2.0, threshold=20.0)",16,2.0,4.6e-06,0.0028455,2.43e-05,0.0039154,1.3e-05,0.0044151,0.8052259637797416,-0.0037500853608079614,-14.845091637829913,0.7817541838846653,-0.36985504309297257
2026-09-05_06-43-26_beta2.0_randomseed44,20,3,200,5,"Softplus(beta=2.0, threshold=20.0)",16,2.0,5e-06,0.0030137,8.3e-06,0.0035032,4.4e-06,0.0028327,0.8880890002527563,-0.009822788262729127,-14.67779883015381,0.7958414335674912,-0.38752757710869057
2026-09-05_06-47-14_beta2.0_randomseed45,20,3,200,5,"Softplus(beta=2.0, threshold=20.0)",16,2.0,2.9e-06,0.0023096,1.34e-05,0.0040488,5.4e-06,0.0026673,0.8907844364150957,-0.003912271617561474,-14.502899679475718,0.8112977302406025,-0.38346169900162985
2026-09-05_06-51-05_beta2.0_randomseed46,20,3,200,5,"Softplus(beta=2.0, threshold=20.0)",16,2.0,2.2e-06,0.0022601,1.7e-06,0.0020992,3.7e-06,0.002762,0.9041322069868418,-0.01618986754978297,-14.878567634702232,0.7917779953899078,-0.28230398673681767
2026-09-05_06-54-56_beta2.0_randomseed47,20,3,200,5,"Softplus(beta=2.0, threshold=20.0)",16,2.0,1.4e-06,0.0017447,2e-06,0.0021172,1.7e-06,0.0016973,0.8998437613242579,-0.015463112365975806,-14.796711529391132,0.8003695689347327,-0.27243443176915405
2026-09-05_06-58-46_beta2.0_randomseed48,20,3,200,5,"Softplus(beta=2.0, threshold=20.0)",16,2.0,4.3e-06,0.0029419,3.3e-06,0.0028847,3.2e-06,0.0028505,0.8855956558258334,-0.006392973160468529,-14.591307675866446,0.8013946143561632,-0.2801299833302928
2026-09-05_07-02-35_beta2.0_randomseed49,20,3,200,5,"Softplus(beta=2.0, threshold=20.0)",16,2.0,4.5e-06,0.0031527,8.3e-06,0.0039129,5.9e-06,0.0036742,0.9006323915915548,-0.01262570874794256,-14.53392209803998,0.8140541357647073,-0.3971466816749436
2026-09-05_07-06-23_beta5.0_randomseed0,20,3,200,5,"Softplus(beta=5.0, threshold=20.0)",16,5.0,3.7e-06,0.0027455,1.46e-05,0.0041589,1.46e-05,0.0041589,0.9007691510997178,-0.008612031999375835,-16.773680247024437,0.5410568195425265,-2.5550038657108933
2026-09-05_07-10-11_beta5.0_randomseed1,20,3,200,5,"Softplus(beta=5.0, threshold=20.0)",16,5.0,7.2e-06,0.0039627,1.1e-05,0.0045171,1.12e-05,0.0040898,0.8919929169890389,-0.005540455326542251,-14.098702517199303,0.7948588774099001,-0.3429022912871865
2026-09-05_07-13-59_beta5.0_randomseed2,20,3,200,5,"Softplus(beta=5.0, threshold=20.0)",16,5.0,2.8e-06,0.0023972,6.1e-06,0.0030546,1.16e-05,0.0038718,0.8715598302686116,-0.00410574651346164,-15.562314015413488,0.7689865769643861,-0.4545767730720767
2026-09-05_07-17-53_beta5.0_randomseed3,20,3,200,5,"Softplus(beta=5.0, threshold=20.0)",16,5.0,4.5e-06,0.0029866,9.8e-06,0.0036972,1.11e-05,0.0040714,0.9107345869331974,-0.008869854216671809,-15.995900533144404,0.7546944563696221,-1.0526848209310518
2026-09-05_07-21-41_beta5.0_randomseed4,20,3,200,5,"Softplus(beta=5.0, threshold=20.0)",16,5.0,4.1e-06,0.0028524,8.9e-06,0.0038726,5.3e-06,0.0031367,0.8948557501142004,-0.009409757475811173,-16.138363028280544,0.7322085932120623,-1.3398045931529372
2026-09-05_07-25-34_beta5.0_randomseed5,20,3,200,5,"Softplus(beta=5.0, threshold=20.0)",16,5.0,3.3e-06,0.0026474,8.77e-05,0.0079111,2.4e-06,0.0025006,0.8987076956296411,-0.010894782658607148,-13.646827983203911,0.790861361176171,-0.4055609220672607
2026-09-05_07-29-23_beta5.0_randomseed6,20,3,200,5,"Softplus(beta=5.0, threshold=20.0)",16,5.0,4e-06,0.0028006,3.3e-06,0.0026987,6.4e-06,0.0028843,0.8915279039008377,-0.005581323815994016,-14.850104703290478,0.7677812072367839,-0.4444680653403344
2026-09-05_07-33-12_beta5.0_randomseed7,20,3,200,5,"Softplus(beta=5.0, threshold=20.0)",16,5.0,2.3e-06,0.0021418,2.98e-05,0.0033973,1.6e-06,0.0019416,0.8865810287201026,-0.01254902905098806,-15.201485197160812,0.7104037562723091,-0.7560821404726009
2026-09-05_07-37-07_beta5.0_randomseed8,20,3,200,5,"Softplus(beta=5.0, threshold=20.0)",16,5.0,3.3e-06,0.0027328,4.9e-06,0.0031385,1.3e-05,0.0041332,0.8947602720979353,-0.00581828969331636,-13.91083255976272,0.7837635749571289,-0.3648821245702427
2026-09-05_07-41-01_beta5.0_randomseed9,20,3,200,5,"Softplus(beta=5.0, threshold=20.0)",16,5.0,3.5e-06,0.0026782,1.08e-05,0.0038088,3e-06,0.0026462,0.8957020497492758,-0.013398079768736906,-16.2955276988925,0.7611586474725135,-0.3004337944358676
2026-09-05_07-44-53_beta5.0_randomseed10,20,3,200,5,"Softplus(beta=5.0, threshold=20.0)",16,5.0,2e-06,0.0020471,2.4e-06,0.0023939,1.8e-06,0.0020818,0.9015654388928078,-0.013099327939262492,-15.944387608260977,0.69012047601181,-0.5110808291846357
2026-09-05_07-48-52_beta5.0_randomseed11,20,3,200,5,"Softplus(beta=5.0, threshold=20.0)",16,5.0,5.4e-06,0.0033902,4.5e-06,0.0034159,4.5e-06,0.0033503,0.8895668790964685,-0.008612207726065434,-16.272996493963447,0.7529909347798063,-1.1512784935701563
2026-09-05_07-52-43_beta5.0_randomseed12,20,3,200,5,"Softplus(beta=5.0, threshold=20.0)",16,5.0,4.9e-06,0.0031095,7e-06,0.0038328,7.1e-06,0.0037632,0.8932970948664689,-0.00879330516264206,-15.386888505802863,0.7343903214942545,-0.9419475175178581
2026-09-05_07-56-30_beta5.0_randomseed13,20,3,200,5,"Softplus(beta=5.0, threshold=20.0)",16,5.0,1.5e-06,0.0017816,3.3e-06,0.0023866,1.6e-06,0.001818,0.9001833959586654,-0.011402653723782116,-14.446058888429892,0.795098100958086,-0.3199574445576075
2026-09-05_08-00-20_beta5.0_randomseed14,20,3,200,5,"Softplus(beta=5.0, threshold=20.0)",16,5.0,5.7e-06,0.003486,5e-06,0.0031864,7.2e-06,0.0040153,0.892394953474929,-0.011206783278394939,-16.60775930968231,0.6831037926961455,-1.3853103017649004
2026-09-05_08-04-11_beta5.0_randomseed15,20,3,200,5,"Softplus(beta=5.0, threshold=20.0)",16,5.0,3.8e-06,0.0028008,4.4e-06,0.0032949,6e-06,0.003388,0.8996235684559799,-0.010534517342960051,-15.664777512833968,0.6643131022067703,-1.9585597791668015
2026-09-05_08-08-02_beta5.0_randomseed16,20,3,200,5,"Softplus(beta=5.0, threshold=20.0)",16,5.0,3.3e-06,0.0026559,5.2e-06,0.0030435,5.6e-06,0.0031573,0.8998829906588938,-0.01001481708210754,-14.74339837479143,0.7627864323781209,-0.7224733053634702
2026-09-05_08-11-54_beta5.0_randomseed17,20,3,200,5,"Softplus(beta=5.0, threshold=20.0)",16,5.0,8e-06,0.0040679,6.6e-06,0.0039981,1.27e-05,0.0048916,0.8840967652519881,-0.011256273271186688,-16.21036311989908,0.7716566443270619,-0.3804106200707674
2026-09-05_08-15-45_beta5.0_randomseed18,20,3,200,5,"Softplus(beta=5.0, threshold=20.0)",16,5.0,2.3e-06,0.0020267,1.6e-06,0.0020525,1.7e-06,0.0020768,0.8918532961578176,-0.013194448020507999,-15.642396085642712,0.7827264615548215,-0.2872214850484739
2026-09-06_14-10-36_beta5.0_randomseed19,20,3,200,5,"Softplus(beta=5.0, threshold=20.0)",16,5.0,1.5e-06,0.0016798,6.6e-06,0.0027934,2.2e-06,0.0018992,0.8967443709561789,-0.010565044467945902,-13.74109411453984,0.8004129727630687,-0.40385809217050816
2026-09-06_14-20-14_beta5.0_randomseed20,20,3,200,5,"Softplus(beta=5.0, threshold=20.0)",16,5.0,2.3e-06,0.0022346,8.8e-06,0.0030752,1.6e-06,0.002004,0.9005541902667511,-0.015408444922618697,-16.533208143618275,0.734002716345733,-0.46745845976719497
2026-09-06_14-29-55_beta5.0_randomseed21,20,3,200,5,"Softplus(beta=5.0, threshold=20.0)",16,5.0,6.4e-06,0.0035034,8.1e-06,0.0040308,1.7e-05,0.0049423,0.8708840346912815,-0.012039946374223712,-15.333248920041541,0.7759365825606677,-0.40753527949929313
2026-09-06_14-39-48_beta5.0_randomseed22,20,3,200,5,"Softplus(beta=5.0, threshold=20.0)",16,5.0,2.4e-06,0.0022344,5.3e-06,0.0030564,7.4e-06,0.0031374,0.903476650751332,-0.016727171480748745,-15.724406307987275,0.7767575551989689,-0.7345881663588495
2026-09-06_14-49-41_beta5.0_randomseed23,20,3,200,5,"Softplus(beta=5.0, threshold=20.0)",16,5.0,4.6e-06,0.0030446,6.1e-06,0.0036752,1.21e-05,0.0045537,0.8914836371690982,-0.007979371336543587,-14.761380124285154,0.778779811076623,-0.37405213976817286
2026-09-06_14-59-32_beta5.0_randomseed24,20,3,200,5,"Softplus(beta=5.0, threshold=20.0)",16,5.0,3e-06,0.0024699,8.4e-06,0.0032858,4.3e-06,0.0029876,0.8944651391082727,-0.008865060084292994,-15.264991954594516,0.7491295126030744,-0.6696389871240915
2026-09-06_15-09-18_beta5.0_randomseed25,20,3,200,5,"Softplus(beta=5.0, threshold=20.0)",16,5.0,4.2e-06,0.0028065,3.5e-06,0.0024527,3.7e-06,0.0029606,0.9181594120059768,-0.015352976042245234,-15.93278166653288,0.7160916788390188,-1.338602586528299
2026-09-06_15-23-05_beta5.0_randomseed26,20,3,200,5,"Softplus(beta=5.0, threshold=20.0)",16,5.0,2.7e-06,0.0024182,1.8e-06,0.0021042,6.1e-06,0.0030432,0.8966146847859395,-0.008449524936162547,-15.495036770151497,0.7728919864119193,-0.35416837634084325
2026-09-06_15-32-28_beta5.0_randomseed27,20,3,200,5,"Softplus(beta=5.0, threshold=20.0)",16,5.0,1.7e-06,0.0018802,2.2e-06,0.0019111,3.1e-06,0.00227,0.8981919142631913,-0.005491178171064169,-14.243020444389046,0.800028833111349,-0.27439709108245725
2026-09-06_15-41-57_beta5.0_randomseed28,20,3,200,5,"Softplus(beta=5.0, threshold=20.0)",16,5.0,5.4e-06,0.0034631,1.7e-05,0.0049357,1.8e-05,0.0060816,0.8922756722252017,-0.012291292039532487,-15.430648314018407,0.7954661463228161,-0.3374789936862543
2026-09-06_15-51-45_beta5.0_randomseed29,20,3,200,5,"Softplus(beta=5.0, threshold=20.0)",16,5.0,4e-06,0.0029064,4e-06,0.0030857,5.4e-06,0.0032789,0.8983299059269421,-0.004878037729971802,-14.247670811002646,0.8136258343856321,-0.339567493573859
2026-09-06_16-01-48_beta5.0_randomseed30,20,3,200,5,"Softplus(beta=5.0, threshold=20.0)",16,5.0,6.2e-06,0.0037029,1.11e-05,0.0040795,6.2e-06,0.0038354,0.8593565049934779,-0.011233396532148042,-14.418616428362068,0.7894656280238465,-0.40436308264653
2026-09-06_16-11-31_beta5.0_randomseed31,20,3,200,5,"Softplus(beta=5.0, threshold=20.0)",16,5.0,3.1e-06,0.0025428,2.64e-05,0.0044786,5.5e-06,0.0030563,0.8942856768389597,-0.007049629994945161,-14.987671240168535,0.7821433185893469,-0.5448171691163751
2026-09-06_16-21-23_beta5.0_randomseed32,20,3,200,5,"Softplus(beta=5.0, threshold=20.0)",16,5.0,9e-07,0.0014233,8e-07,0.001369,2.5e-06,0.0017074,0.8987269119615607,-0.012403286245498637,-14.18297952095567,0.7921650042230511,-0.31508809021716766
2026-09-06_16-31-26_beta5.0_randomseed33,20,3,200,5,"Softplus(beta=5.0, threshold=20.0)",16,5.0,3.4e-06,0.002757,4.86e-05,0.0051533,1.24e-05,0.0035746,0.902321424401519,-0.009439227476489193,-15.234835513321263,0.7190102989521268,-0.7523121468531325
2026-09-06_16-41-04_beta5.0_randomseed34,20,3,200,5,"Softplus(beta=5.0, threshold=20.0)",16,5.0,3e-06,0.0024682,4.3e-06,0.0029079,8.2e-06,0.0030639,0.8906960230592726,-0.013994590499986696,-16.168955503028865,0.7285204283944448,-0.2688654018005222
2026-09-06_19-22-15_beta5.0_randomseed35,20,3,200,5,"Softplus(beta=5.0, threshold=20.0)",16,5.0,3.3e-06,0.0026632,3.1e-06,0.0028916,2.7e-06,0.0025426,0.8976579306786594,-0.010442173070468023,-17.20171672569196,0.7076278284590385,-0.5255998843684284
2026-09-06_19-35-18_beta5.0_randomseed36,20,3,200,5,"Softplus(beta=5.0, threshold=20.0)",16,5.0,1.9e-06,0.0020247,1.8e-06,0.0020088,4.6e-06,0.0024687,0.8985164518471633,-0.008661372469615933,-14.346667594658872,0.8104509653616239,-0.45955440416604876
2026-09-06_19-39-25_beta5.0_randomseed37,20,3,200,5,"Softplus(beta=5.0, threshold=20.0)",16,5.0,5.1e-06,0.003289,7.5e-06,0.0040215,7e-06,0.0036065,0.8977164165533633,-0.008634274033961657,-14.92538885953837,0.8024848363495218,-0.5067491498556687
2026-09-06_19-43-19_beta5.0_randomseed38,20,3,200,5,"Softplus(beta=5.0, threshold=20.0)",16,5.0,5.2e-06,0.0034253,9.2e-06,0.0046483,1.06e-05,0.0042665,0.877340675125604,-0.012217544162441713,-14.931387138175273,0.7691152208186388,-1.0078746499234232
2026-09-06_19-47-10_beta5.0_randomseed39,20,3,200,5,"Softplus(beta=5.0, threshold=20.0)",16,5.0,2.9e-06,0.0025485,4.3e-06,0.0029241,4.4e-06,0.0029881,0.9038552815354105,-0.016179116802330466,-15.958441183389946,0.7345363951959458,-0.9137964030945772
2026-09-06_19-51-00_beta5.0_randomseed40,20,3,200,5,"Softplus(beta=5.0, threshold=20.0)",16,5.0,4.7e-06,0.0032595,4.5e-06,0.0029707,4.9e-06,0.0034585,0.9045960451014009,-0.011587488902763078,-14.770501088747503,0.7595723496201086,-0.8372534217212839
2026-09-06_19-54-47_beta5.0_randomseed41,20,3,200,5,"Softplus(beta=5.0, threshold=20.0)",16,5.0,6.9e-06,0.0037857,5.6e-06,0.0035641,6e-06,0.0036068,0.8953120498686447,-0.012727557395149122,-15.752636791810612,0.7111664953948249,-2.0564452480723214
2026-09-06_19-58-38_beta5.0_randomseed42,20,3,200,5,"Softplus(beta=5.0, threshold=20.0)",16,5.0,3.2e-06,0.0025714,3.5e-06,0.0027494,6.9e-06,0.0031976,0.9034190410699046,-0.009803927110847845,-15.968061572894959,0.7627086239077887,-0.5389469933053187
2026-09-06_20-02-27_beta5.0_randomseed43,20,3,200,5,"Softplus(beta=5.0, threshold=20.0)",16,5.0,4.4e-06,0.0029923,1.54e-05,0.0041971,1.06e-05,0.003951,0.9007316508205646,-0.009335729214179422,-15.432905093997903,0.6890742753346754,-1.5363497319547208
2026-09-06_20-06-20_beta5.0_randomseed44,20,3,200,5,"Softplus(beta=5.0, threshold=20.0)",16,5.0,3.6e-06,0.002707,4.9e-06,0.0031538,4e-06,0.0029081,0.9062178338590858,-0.01285013050212698,-12.997727666779815,0.7368077284063695,-0.7652929268996067
2026-09-06_20-10-11_beta5.0_randomseed45,20,3,200,5,"Softplus(beta=5.0, threshold=20.0)",16,5.0,7.5e-06,0.0039599,5.01e-05,0.0070946,1.08e-05,0.0040206,0.8939076827310599,-0.01178475613100753,-15.82369574473621,0.7421232293492371,-0.47074434965000417
2026-09-06_20-14-09_beta5.0_randomseed46,20,3,200,5,"Softplus(beta=5.0, threshold=20.0)",16,5.0,5.6e-06,0.0033404,4.2e-06,0.0030977,1.35e-05,0.0044698,0.8839984991416199,-0.001965121120786361,-14.864098660345181,0.7329440792719549,-1.291829167771326
2026-09-06_20-18-05_beta5.0_randomseed47,20,3,200,5,"Softplus(beta=5.0, threshold=20.0)",16,5.0,3.6e-06,0.0027155,1.43e-05,0.0043262,3.5e-06,0.0027139,0.9024853199578725,-0.01680590201008667,-15.59857130889202,0.7672251811984376,-0.5924979626807004
2026-09-06_20-21-57_beta5.0_randomseed48,20,3,200,5,"Softplus(beta=5.0, threshold=20.0)",16,5.0,6.3e-06,0.0036498,4.7e-06,0.0032757,8.5e-06,0.0044266,0.8945624419704565,-0.015036049871310514,-14.88425604536047,0.778071821414424,-0.36153753816516754
2026-09-06_20-25-48_beta5.0_randomseed49,20,3,200,5,"Softplus(beta=5.0, threshold=20.0)",16,5.0,8.2e-06,0.0042609,1.51e-05,0.0051621,8.9e-06,0.0045178,0.8883325294353961,-0.009015804067532577,-16.624440488025492,0.6772571508555577,-1.0529791003529048
